id,actinic_keratosis,basal_cell_carcinoma,dermatofibroma,melanoma,nevus,pigmented_benign_keratosis,seborrheic_keratosis,squamous_cell_carcinoma,vascular_lesion
ISIC_0033358.jpg,1,0,0,0,0,0,0,0,0
ISIC_0027950.jpg,1,0,0,0,0,0,0,0,0
ISIC_0025803.jpg,1,0,0,0,0,0,0,0,0
ISIC_0030242.jpg,1,0,0,0,0,0,0,0,0
ISIC_0025992.jpg,1,0,0,0,0,0,0,0,0
ISIC_0028393.jpg,1,0,0,0,0,0,0,0,0
ISIC_0027650.jpg,1,0,0,0,0,0,0,0,0
ISIC_0032404.jpg,1,0,0,0,0,0,0,0,0
ISIC_0028190.jpg,1,0,0,0,0,0,0,0,0
ISIC_0026194.jpg,1,0,0,0,0,0,0,0,0
ISIC_0029133.jpg,1,0,0,0,0,0,0,0,0
ISIC_0029930.jpg,1,0,0,0,0,0,0,0,0
ISIC_0026626.jpg,1,0,0,0,0,0,0,0,0
ISIC_0029309.jpg,1,0,0,0,0,0,0,0,0
ISIC_0031335.jpg,1,0,0,0,0,0,0,0,0
ISIC_0029210.jpg,1,0,0,0,0,0,0,0,0
ISIC_0028370.jpg,1,0,0,0,0,0,0,0,0
ISIC_0030655.jpg,1,0,0,0,0,0,0,0,0
ISIC_0030826.jpg,1,0,0,0,0,0,0,0,0
ISIC_0030825.jpg,1,0,0,0,0,0,0,0,0
ISIC_0030142.jpg,1,0,0,0,0,0,0,0,0
ISIC_0027254.jpg,1,0,0,0,0,0,0,0,0
ISIC_0029840.jpg,1,0,0,0,0,0,0,0,0
ISIC_0033811.jpg,1,0,0,0,0,0,0,0,0
ISIC_0027452.jpg,1,0,0,0,0,0,0,0,0
ISIC_0028941.jpg,1,0,0,0,0,0,0,0,0
ISIC_0030408.jpg,1,0,0,0,0,0,0,0,0
ISIC_0029041.jpg,1,0,0,0,0,0,0,0,0
ISIC_0027580.jpg,1,0,0,0,0,0,0,0,0
ISIC_0031506.jpg,1,0,0,0,0,0,0,0,0
ISIC_0029781.jpg,1,0,0,0,0,0,0,0,0
ISIC_0026765.jpg,1,0,0,0,0,0,0,0,0
ISIC_0027172.jpg,1,0,0,0,0,0,0,0,0
ISIC_0033705.jpg,1,0,0,0,0,0,0,0,0
ISIC_0030036.jpg,1,0,0,0,0,0,0,0,0
ISIC_0030133.jpg,1,0,0,0,0,0,0,0,0
ISIC_0028990.jpg,1,0,0,0,0,0,0,0,0
ISIC_0026468.jpg,1,0,0,0,0,0,0,0,0
ISIC_0028076.jpg,1,0,0,0,0,0,0,0,0
ISIC_0026984.jpg,1,0,0,0,0,0,0,0,0
ISIC_0030586.jpg,1,0,0,0,0,0,0,0,0
ISIC_0029830.jpg,1,0,0,0,0,0,0,0,0
ISIC_0030463.jpg,1,0,0,0,0,0,0,0,0
ISIC_0031228.jpg,1,0,0,0,0,0,0,0,0
ISIC_0029900.jpg,1,0,0,0,0,0,0,0,0
ISIC_0027562.jpg,1,0,0,0,0,0,0,0,0
ISIC_0027829.jpg,1,0,0,0,0,0,0,0,0
ISIC_0026709.jpg,1,0,0,0,0,0,0,0,0
ISIC_0032199.jpg,1,0,0,0,0,0,0,0,0
ISIC_0033413.jpg,1,0,0,0,0,0,0,0,0
ISIC_0029025.jpg,1,0,0,0,0,0,0,0,0
ISIC_0029827.jpg,1,0,0,0,0,0,0,0,0
ISIC_0032437.jpg,1,0,0,0,0,0,0,0,0
ISIC_0026525.jpg,1,0,0,0,0,0,0,0,0
ISIC_0026040.jpg,1,0,0,0,0,0,0,0,0
ISIC_0031292.jpg,1,0,0,0,0,0,0,0,0
ISIC_0026848.jpg,1,0,0,0,0,0,0,0,0
ISIC_0027896.jpg,1,0,0,0,0,0,0,0,0
ISIC_0032422.jpg,1,0,0,0,0,0,0,0,0
ISIC_0029500.jpg,1,0,0,0,0,0,0,0,0
ISIC_0031993.jpg,1,0,0,0,0,0,0,0,0
ISIC_0030491.jpg,1,0,0,0,0,0,0,0,0
ISIC_0028558.jpg,1,0,0,0,0,0,0,0,0
ISIC_0028854.jpg,1,0,0,0,0,0,0,0,0
ISIC_0027334.jpg,1,0,0,0,0,0,0,0,0
ISIC_0025780.jpg,1,0,0,0,0,0,0,0,0
ISIC_0031108.jpg,1,0,0,0,0,0,0,0,0
ISIC_0029915.jpg,1,0,0,0,0,0,0,0,0
ISIC_0025825.jpg,1,0,0,0,0,0,0,0,0
ISIC_0031040.jpg,1,0,0,0,0,0,0,0,0
ISIC_0026212.jpg,1,0,0,0,0,0,0,0,0
ISIC_0025953.jpg,1,0,0,0,0,0,0,0,0
ISIC_0030344.jpg,1,0,0,0,0,0,0,0,0
ISIC_0031381.jpg,1,0,0,0,0,0,0,0,0
ISIC_0026702.jpg,1,0,0,0,0,0,0,0,0
ISIC_0031823.jpg,1,0,0,0,0,0,0,0,0
ISIC_0031609.jpg,1,0,0,0,0,0,0,0,0
ISIC_0028517.jpg,1,0,0,0,0,0,0,0,0
ISIC_0028314.jpg,1,0,0,0,0,0,0,0,0
ISIC_0029460.jpg,1,0,0,0,0,0,0,0,0
ISIC_0027615.jpg,1,0,0,0,0,0,0,0,0
ISIC_0030730.jpg,1,0,0,0,0,0,0,0,0
ISIC_0027802.jpg,1,0,0,0,0,0,0,0,0
ISIC_0026729.jpg,1,0,0,0,0,0,0,0,0
ISIC_0033866.jpg,1,0,0,0,0,0,0,0,0
ISIC_0031430.jpg,1,0,0,0,0,0,0,0,0
ISIC_0026457.jpg,1,0,0,0,0,0,0,0,0
ISIC_0027958.jpg,1,0,0,0,0,0,0,0,0
ISIC_0029141.jpg,1,0,0,0,0,0,0,0,0
ISIC_0027536.jpg,1,0,0,0,0,0,0,0,0
ISIC_0032206.jpg,1,0,0,0,0,0,0,0,0
ISIC_0031922.jpg,1,0,0,0,0,0,0,0,0
ISIC_0029713.jpg,1,0,0,0,0,0,0,0,0
ISIC_0033456.jpg,1,0,0,0,0,0,0,0,0
ISIC_0032854.jpg,1,0,0,0,0,0,0,0,0
ISIC_0032135.jpg,1,0,0,0,0,0,0,0,0
ISIC_0030143.jpg,1,0,0,0,0,0,0,0,0
ISIC_0027884.jpg,1,0,0,0,0,0,0,0,0
ISIC_0026171.jpg,1,0,0,0,0,0,0,0,0
ISIC_0029659.jpg,1,0,0,0,0,0,0,0,0
ISIC_0028820.jpg,1,0,0,0,0,0,0,0,0
ISIC_0027447.jpg,1,0,0,0,0,0,0,0,0
ISIC_0026650.jpg,1,0,0,0,0,0,0,0,0
ISIC_0026625.jpg,1,0,0,0,0,0,0,0,0
ISIC_0028063.jpg,1,0,0,0,0,0,0,0,0
ISIC_0033494.jpg,1,0,0,0,0,0,0,0,0
ISIC_0026905.jpg,1,0,0,0,0,0,0,0,0
ISIC_0027668.jpg,1,0,0,0,0,0,0,0,0
ISIC_0026857.jpg,1,0,0,0,0,0,0,0,0
ISIC_0030877.jpg,1,0,0,0,0,0,0,0,0
ISIC_0026575.jpg,1,0,0,0,0,0,0,0,0
ISIC_0033151.jpg,1,0,0,0,0,0,0,0,0
ISIC_0026149.jpg,1,0,0,0,0,0,0,0,0
ISIC_0025957.jpg,1,0,0,0,0,0,0,0,0
ISIC_0028155.jpg,0,1,0,0,0,0,0,0,0
ISIC_0030339.jpg,0,1,0,0,0,0,0,0,0
ISIC_0024743.jpg,0,1,0,0,0,0,0,0,0
ISIC_0026343.jpg,0,1,0,0,0,0,0,0,0
ISIC_0028542.jpg,0,1,0,0,0,0,0,0,0
ISIC_0031470.jpg,0,1,0,0,0,0,0,0,0
ISIC_0030964.jpg,0,1,0,0,0,0,0,0,0
ISIC_0026213.jpg,0,1,0,0,0,0,0,0,0
ISIC_0031062.jpg,0,1,0,0,0,0,0,0,0
ISIC_0031026.jpg,0,1,0,0,0,0,0,0,0
ISIC_0027117.jpg,0,1,0,0,0,0,0,0,0
ISIC_0030249.jpg,0,1,0,0,0,0,0,0,0
ISIC_0031526.jpg,0,1,0,0,0,0,0,0,0
ISIC_0029501.jpg,0,1,0,0,0,0,0,0,0
ISIC_0025644.jpg,0,1,0,0,0,0,0,0,0
ISIC_0028568.jpg,0,1,0,0,0,0,0,0,0
ISIC_0028303.jpg,0,1,0,0,0,0,0,0,0
ISIC_0030271.jpg,0,1,0,0,0,0,0,0,0
ISIC_0025617.jpg,0,1,0,0,0,0,0,0,0
ISIC_0027998.jpg,0,1,0,0,0,0,0,0,0
ISIC_0031442.jpg,0,1,0,0,0,0,0,0,0
ISIC_0027966.jpg,0,1,0,0,0,0,0,0,0
ISIC_0030528.jpg,0,1,0,0,0,0,0,0,0
ISIC_0030094.jpg,0,1,0,0,0,0,0,0,0
ISIC_0024829.jpg,0,1,0,0,0,0,0,0,0
ISIC_0027297.jpg,0,1,0,0,0,0,0,0,0
ISIC_0025576.jpg,0,1,0,0,0,0,0,0,0
ISIC_0028877.jpg,0,1,0,0,0,0,0,0,0
ISIC_0026855.jpg,0,1,0,0,0,0,0,0,0
ISIC_0027473.jpg,0,1,0,0,0,0,0,0,0
ISIC_0028122.jpg,0,1,0,0,0,0,0,0,0
ISIC_0029129.jpg,0,1,0,0,0,0,0,0,0
ISIC_0031266.jpg,0,1,0,0,0,0,0,0,0
ISIC_0030349.jpg,0,1,0,0,0,0,0,0,0
ISIC_0029082.jpg,0,1,0,0,0,0,0,0,0
ISIC_0031597.jpg,0,1,0,0,0,0,0,0,0
ISIC_0029644.jpg,0,1,0,0,0,0,0,0,0
ISIC_0027819.jpg,0,1,0,0,0,0,0,0,0
ISIC_0026324.jpg,0,1,0,0,0,0,0,0,0
ISIC_0028687.jpg,0,1,0,0,0,0,0,0,0
ISIC_0031400.jpg,0,1,0,0,0,0,0,0,0
ISIC_0030145.jpg,0,1,0,0,0,0,0,0,0
ISIC_0031236.jpg,0,1,0,0,0,0,0,0,0
ISIC_0028570.jpg,0,1,0,0,0,0,0,0,0
ISIC_0026442.jpg,0,1,0,0,0,0,0,0,0
ISIC_0027135.jpg,0,1,0,0,0,0,0,0,0
ISIC_0027371.jpg,0,1,0,0,0,0,0,0,0
ISIC_0027544.jpg,0,1,0,0,0,0,0,0,0
ISIC_0028719.jpg,0,1,0,0,0,0,0,0,0
ISIC_0029647.jpg,0,1,0,0,0,0,0,0,0
ISIC_0029192.jpg,0,1,0,0,0,0,0,0,0
ISIC_0031318.jpg,0,1,0,0,0,0,0,0,0
ISIC_0026865.jpg,0,1,0,0,0,0,0,0,0
ISIC_0028113.jpg,0,1,0,0,0,0,0,0,0
ISIC_0030138.jpg,0,1,0,0,0,0,0,0,0
ISIC_0024931.jpg,0,1,0,0,0,0,0,0,0
ISIC_0026988.jpg,0,1,0,0,0,0,0,0,0
ISIC_0027093.jpg,0,1,0,0,0,0,0,0,0
ISIC_0031407.jpg,0,1,0,0,0,0,0,0,0
ISIC_0030767.jpg,0,1,0,0,0,0,0,0,0
ISIC_0025700.jpg,0,1,0,0,0,0,0,0,0
ISIC_0031489.jpg,0,1,0,0,0,0,0,0,0
ISIC_0031154.jpg,0,1,0,0,0,0,0,0,0
ISIC_0025601.jpg,0,1,0,0,0,0,0,0,0
ISIC_0031552.jpg,0,1,0,0,0,0,0,0,0
ISIC_0026845.jpg,0,1,0,0,0,0,0,0,0
ISIC_0029201.jpg,0,1,0,0,0,0,0,0,0
ISIC_0027915.jpg,0,1,0,0,0,0,0,0,0
ISIC_0027146.jpg,0,1,0,0,0,0,0,0,0
ISIC_0026978.jpg,0,1,0,0,0,0,0,0,0
ISIC_0025031.jpg,0,1,0,0,0,0,0,0,0
ISIC_0028084.jpg,0,1,0,0,0,0,0,0,0
ISIC_0025530.jpg,0,1,0,0,0,0,0,0,0
ISIC_0031520.jpg,0,1,0,0,0,0,0,0,0
ISIC_0030712.jpg,0,1,0,0,0,0,0,0,0
ISIC_0031140.jpg,0,1,0,0,0,0,0,0,0
ISIC_0026439.jpg,0,1,0,0,0,0,0,0,0
ISIC_0029323.jpg,0,1,0,0,0,0,0,0,0
ISIC_0029820.jpg,0,1,0,0,0,0,0,0,0
ISIC_0028168.jpg,0,1,0,0,0,0,0,0,0
ISIC_0030915.jpg,0,1,0,0,0,0,0,0,0
ISIC_0030177.jpg,0,1,0,0,0,0,0,0,0
ISIC_0028858.jpg,0,1,0,0,0,0,0,0,0
ISIC_0031585.jpg,0,1,0,0,0,0,0,0,0
ISIC_0027865.jpg,0,1,0,0,0,0,0,0,0
ISIC_0025932.jpg,0,1,0,0,0,0,0,0,0
ISIC_0024564.jpg,0,1,0,0,0,0,0,0,0
ISIC_0026230.jpg,0,1,0,0,0,0,0,0,0
ISIC_0029123.jpg,0,1,0,0,0,0,0,0,0
ISIC_0031095.jpg,0,1,0,0,0,0,0,0,0
ISIC_0027846.jpg,0,1,0,0,0,0,0,0,0
ISIC_0026656.jpg,0,1,0,0,0,0,0,0,0
ISIC_0026056.jpg,0,1,0,0,0,0,0,0,0
ISIC_0029856.jpg,0,1,0,0,0,0,0,0,0
ISIC_0026337.jpg,0,1,0,0,0,0,0,0,0
ISIC_0028486.jpg,0,1,0,0,0,0,0,0,0
ISIC_0026433.jpg,0,1,0,0,0,0,0,0,0
ISIC_0025940.jpg,0,1,0,0,0,0,0,0,0
ISIC_0031245.jpg,0,1,0,0,0,0,0,0,0
ISIC_0029412.jpg,0,1,0,0,0,0,0,0,0
ISIC_0027744.jpg,0,1,0,0,0,0,0,0,0
ISIC_0027433.jpg,0,1,0,0,0,0,0,0,0
ISIC_0031007.jpg,0,1,0,0,0,0,0,0,0
ISIC_0031539.jpg,0,1,0,0,0,0,0,0,0
ISIC_0029745.jpg,0,1,0,0,0,0,0,0,0
ISIC_0026574.jpg,0,1,0,0,0,0,0,0,0
ISIC_0026902.jpg,0,1,0,0,0,0,0,0,0
ISIC_0027057.jpg,0,1,0,0,0,0,0,0,0
ISIC_0027609.jpg,0,1,0,0,0,0,0,0,0
ISIC_0026091.jpg,0,1,0,0,0,0,0,0,0
ISIC_0029779.jpg,0,1,0,0,0,0,0,0,0
ISIC_0025513.jpg,0,1,0,0,0,0,0,0,0
ISIC_0030644.jpg,0,1,0,0,0,0,0,0,0
ISIC_0031166.jpg,0,1,0,0,0,0,0,0,0
ISIC_0026593.jpg,0,1,0,0,0,0,0,0,0
ISIC_0025102.jpg,0,1,0,0,0,0,0,0,0
ISIC_0028283.jpg,0,1,0,0,0,0,0,0,0
ISIC_0029917.jpg,0,1,0,0,0,0,0,0,0
ISIC_0025975.jpg,0,1,0,0,0,0,0,0,0
ISIC_0029747.jpg,0,1,0,0,0,0,0,0,0
ISIC_0026829.jpg,0,1,0,0,0,0,0,0,0
ISIC_0025824.jpg,0,1,0,0,0,0,0,0,0
ISIC_0026395.jpg,0,1,0,0,0,0,0,0,0
ISIC_0031351.jpg,0,1,0,0,0,0,0,0,0
ISIC_0025691.jpg,0,1,0,0,0,0,0,0,0
ISIC_0030230.jpg,0,1,0,0,0,0,0,0,0
ISIC_0028890.jpg,0,1,0,0,0,0,0,0,0
ISIC_0028652.jpg,0,1,0,0,0,0,0,0,0
ISIC_0030813.jpg,0,1,0,0,0,0,0,0,0
ISIC_0025793.jpg,0,1,0,0,0,0,0,0,0
ISIC_0027526.jpg,0,1,0,0,0,0,0,0,0
ISIC_0031298.jpg,0,1,0,0,0,0,0,0,0
ISIC_0027046.jpg,0,1,0,0,0,0,0,0,0
ISIC_0030403.jpg,0,1,0,0,0,0,0,0,0
ISIC_0028688.jpg,0,1,0,0,0,0,0,0,0
ISIC_0031294.jpg,0,1,0,0,0,0,0,0,0
ISIC_0031384.jpg,0,1,0,0,0,0,0,0,0
ISIC_0029545.jpg,0,1,0,0,0,0,0,0,0
ISIC_0031569.jpg,0,1,0,0,0,0,0,0,0
ISIC_0028329.jpg,0,1,0,0,0,0,0,0,0
ISIC_0030778.jpg,0,1,0,0,0,0,0,0,0
ISIC_0028495.jpg,0,1,0,0,0,0,0,0,0
ISIC_0030746.jpg,0,1,0,0,0,0,0,0,0
ISIC_0027704.jpg,0,1,0,0,0,0,0,0,0
ISIC_0024949.jpg,0,1,0,0,0,0,0,0,0
ISIC_0029951.jpg,0,1,0,0,0,0,0,0,0
ISIC_0030010.jpg,0,1,0,0,0,0,0,0,0
ISIC_0026117.jpg,0,1,0,0,0,0,0,0,0
ISIC_0027631.jpg,0,1,0,0,0,0,0,0,0
ISIC_0027759.jpg,0,1,0,0,0,0,0,0,0
ISIC_0028747.jpg,0,1,0,0,0,0,0,0,0
ISIC_0030197.jpg,0,1,0,0,0,0,0,0,0
ISIC_0029035.jpg,0,1,0,0,0,0,0,0,0
ISIC_0026766.jpg,0,1,0,0,0,0,0,0,0
ISIC_0029263.jpg,0,1,0,0,0,0,0,0,0
ISIC_0027722.jpg,0,1,0,0,0,0,0,0,0
ISIC_0028085.jpg,0,1,0,0,0,0,0,0,0
ISIC_0028807.jpg,0,1,0,0,0,0,0,0,0
ISIC_0025433.jpg,0,1,0,0,0,0,0,0,0
ISIC_0030766.jpg,0,1,0,0,0,0,0,0,0
ISIC_0026528.jpg,0,1,0,0,0,0,0,0,0
ISIC_0030233.jpg,0,1,0,0,0,0,0,0,0
ISIC_0029899.jpg,0,1,0,0,0,0,0,0,0
ISIC_0026760.jpg,0,1,0,0,0,0,0,0,0
ISIC_0029974.jpg,0,1,0,0,0,0,0,0,0
ISIC_0029053.jpg,0,1,0,0,0,0,0,0,0
ISIC_0031175.jpg,0,1,0,0,0,0,0,0,0
ISIC_0029341.jpg,0,1,0,0,0,0,0,0,0
ISIC_0029755.jpg,0,1,0,0,0,0,0,0,0
ISIC_0031378.jpg,0,1,0,0,0,0,0,0,0
ISIC_0030526.jpg,0,1,0,0,0,0,0,0,0
ISIC_0030452.jpg,0,1,0,0,0,0,0,0,0
ISIC_0026952.jpg,0,1,0,0,0,0,0,0,0
ISIC_0026831.jpg,0,1,0,0,0,0,0,0,0
ISIC_0029331.jpg,0,1,0,0,0,0,0,0,0
ISIC_0028147.jpg,0,1,0,0,0,0,0,0,0
ISIC_0025467.jpg,0,1,0,0,0,0,0,0,0
ISIC_0027595.jpg,0,1,0,0,0,0,0,0,0
ISIC_0030181.jpg,0,1,0,0,0,0,0,0,0
ISIC_0031063.jpg,0,1,0,0,0,0,0,0,0
ISIC_0028973.jpg,0,1,0,0,0,0,0,0,0
ISIC_0026275.jpg,0,1,0,0,0,0,0,0,0
ISIC_0028994.jpg,0,1,0,0,0,0,0,0,0
ISIC_0026154.jpg,0,1,0,0,0,0,0,0,0
ISIC_0028457.jpg,0,1,0,0,0,0,0,0,0
ISIC_0026090.jpg,0,1,0,0,0,0,0,0,0
ISIC_0025362.jpg,0,1,0,0,0,0,0,0,0
ISIC_0028583.jpg,0,1,0,0,0,0,0,0,0
ISIC_0027677.jpg,0,1,0,0,0,0,0,0,0
ISIC_0027525.jpg,0,1,0,0,0,0,0,0,0
ISIC_0029193.jpg,0,1,0,0,0,0,0,0,0
ISIC_0024632.jpg,0,1,0,0,0,0,0,0,0
ISIC_0030782.jpg,0,1,0,0,0,0,0,0,0
ISIC_0028814.jpg,0,1,0,0,0,0,0,0,0
ISIC_0028035.jpg,0,1,0,0,0,0,0,0,0
ISIC_0024582.jpg,0,1,0,0,0,0,0,0,0
ISIC_0024787.jpg,0,1,0,0,0,0,0,0,0
ISIC_0029278.jpg,0,1,0,0,0,0,0,0,0
ISIC_0028818.jpg,0,1,0,0,0,0,0,0,0
ISIC_0026687.jpg,0,1,0,0,0,0,0,0,0
ISIC_0028815.jpg,0,1,0,0,0,0,0,0,0
ISIC_0024666.jpg,0,1,0,0,0,0,0,0,0
ISIC_0027976.jpg,0,1,0,0,0,0,0,0,0
ISIC_0028050.jpg,0,1,0,0,0,0,0,0,0
ISIC_0028197.jpg,0,1,0,0,0,0,0,0,0
ISIC_0025417.jpg,0,1,0,0,0,0,0,0,0
ISIC_0025322.jpg,0,1,0,0,0,0,0,0,0
ISIC_0026940.jpg,0,1,0,0,0,0,0,0,0
ISIC_0029489.jpg,0,1,0,0,0,0,0,0,0
ISIC_0026350.jpg,0,1,0,0,0,0,0,0,0
ISIC_0025301.jpg,0,1,0,0,0,0,0,0,0
ISIC_0026668.jpg,0,1,0,0,0,0,0,0,0
ISIC_0024515.jpg,0,1,0,0,0,0,0,0,0
ISIC_0025019.jpg,0,1,0,0,0,0,0,0,0
ISIC_0031272.jpg,0,1,0,0,0,0,0,0,0
ISIC_0028419.jpg,0,1,0,0,0,0,0,0,0
ISIC_0026798.jpg,0,1,0,0,0,0,0,0,0
ISIC_0026453.jpg,0,1,0,0,0,0,0,0,0
ISIC_0030574.jpg,0,1,0,0,0,0,0,0,0
ISIC_0027229.jpg,0,1,0,0,0,0,0,0,0
ISIC_0030893.jpg,0,1,0,0,0,0,0,0,0
ISIC_0027786.jpg,0,1,0,0,0,0,0,0,0
ISIC_0030261.jpg,0,1,0,0,0,0,0,0,0
ISIC_0024665.jpg,0,1,0,0,0,0,0,0,0
ISIC_0027531.jpg,0,1,0,0,0,0,0,0,0
ISIC_0030594.jpg,0,1,0,0,0,0,0,0,0
ISIC_0027774.jpg,0,1,0,0,0,0,0,0,0
ISIC_0031284.jpg,0,1,0,0,0,0,0,0,0
ISIC_0028323.jpg,0,1,0,0,0,0,0,0,0
ISIC_0028964.jpg,0,1,0,0,0,0,0,0,0
ISIC_0026496.jpg,0,1,0,0,0,0,0,0,0
ISIC_0029655.jpg,0,1,0,0,0,0,0,0,0
ISIC_0028653.jpg,0,1,0,0,0,0,0,0,0
ISIC_0025144.jpg,0,1,0,0,0,0,0,0,0
ISIC_0025557.jpg,0,1,0,0,0,0,0,0,0
ISIC_0028693.jpg,0,1,0,0,0,0,0,0,0
ISIC_0026282.jpg,0,1,0,0,0,0,0,0,0
ISIC_0025046.jpg,0,1,0,0,0,0,0,0,0
ISIC_0024550.jpg,0,1,0,0,0,0,0,0,0
ISIC_0031614.jpg,0,1,0,0,0,0,0,0,0
ISIC_0028556.jpg,0,1,0,0,0,0,0,0,0
ISIC_0030868.jpg,0,1,0,0,0,0,0,0,0
ISIC_0025285.jpg,0,1,0,0,0,0,0,0,0
ISIC_0029220.jpg,0,1,0,0,0,0,0,0,0
ISIC_0028980.jpg,0,1,0,0,0,0,0,0,0
ISIC_0028079.jpg,0,1,0,0,0,0,0,0,0
ISIC_0028350.jpg,0,1,0,0,0,0,0,0,0
ISIC_0024504.jpg,0,1,0,0,0,0,0,0,0
ISIC_0031171.jpg,0,1,0,0,0,0,0,0,0
ISIC_0029337.jpg,0,1,0,0,0,0,0,0,0
ISIC_0024590.jpg,0,1,0,0,0,0,0,0,0
ISIC_0025299.jpg,0,1,0,0,0,0,0,0,0
ISIC_0024848.jpg,0,1,0,0,0,0,0,0,0
ISIC_0031531.jpg,0,1,0,0,0,0,0,0,0
ISIC_0030755.jpg,0,1,0,0,0,0,0,0,0
ISIC_0027038.jpg,0,1,0,0,0,0,0,0,0
ISIC_0030514.jpg,0,1,0,0,0,0,0,0,0
ISIC_0029602.jpg,0,1,0,0,0,0,0,0,0
ISIC_0028577.jpg,0,1,0,0,0,0,0,0,0
ISIC_0025718.jpg,0,1,0,0,0,0,0,0,0
ISIC_0031169.jpg,0,1,0,0,0,0,0,0,0
ISIC_0026716.jpg,0,1,0,0,0,0,0,0,0
ISIC_0027004.jpg,0,1,0,0,0,0,0,0,0
ISIC_0031243.jpg,0,1,0,0,0,0,0,0,0
ISIC_0029546.jpg,0,1,0,0,0,0,0,0,0
ISIC_0031450.jpg,0,1,0,0,0,0,0,0,0
ISIC_0029352.jpg,0,1,0,0,0,0,0,0,0
ISIC_0030314.jpg,0,1,0,0,0,0,0,0,0
ISIC_0024833.jpg,0,1,0,0,0,0,0,0,0
ISIC_0025752.jpg,0,1,0,0,0,0,0,0,0
ISIC_0024572.jpg,0,1,0,0,0,0,0,0,0
ISIC_0030737.jpg,0,1,0,0,0,0,0,0,0
ISIC_0026321.jpg,0,1,0,0,0,0,0,0,0
ISIC_0030096.jpg,0,1,0,0,0,0,0,0,0
ISIC_0030335.jpg,0,1,0,0,0,0,0,0,0
ISIC_0028871.jpg,0,1,0,0,0,0,0,0,0
ISIC_0030352.jpg,0,1,0,0,0,0,0,0,0
ISIC_0027337.jpg,0,1,0,0,0,0,0,0,0
ISIC_0028765.jpg,0,1,0,0,0,0,0,0,0
ISIC_0024595.jpg,0,1,0,0,0,0,0,0,0
ISIC_0025383.jpg,0,1,0,0,0,0,0,0,0
ISIC_0029391.jpg,0,1,0,0,0,0,0,0,0
ISIC_0028107.jpg,0,1,0,0,0,0,0,0,0
ISIC_0027545.jpg,0,1,0,0,0,0,0,0,0
ISIC_0029857.jpg,0,1,0,0,0,0,0,0,0
ISIC_0029669.jpg,0,1,0,0,0,0,0,0,0
ISIC_0025711.jpg,0,1,0,0,0,0,0,0,0
ISIC_0030659.jpg,0,1,0,0,0,0,0,0,0
ISIC_0024984.jpg,0,1,0,0,0,0,0,0,0
ISIC_0030954.jpg,0,1,0,0,0,0,0,0,0
ISIC_0031258.jpg,0,1,0,0,0,0,0,0,0
ISIC_0028238.jpg,0,1,0,0,0,0,0,0,0
ISIC_0025266.jpg,0,1,0,0,0,0,0,0,0
ISIC_0027629.jpg,0,1,0,0,0,0,0,0,0
ISIC_0027090.jpg,0,1,0,0,0,0,0,0,0
ISIC_0031413.jpg,0,1,0,0,0,0,0,0,0
ISIC_0027546.jpg,0,1,0,0,0,0,0,0,0
ISIC_0027120.jpg,0,1,0,0,0,0,0,0,0
ISIC_0029564.jpg,0,1,0,0,0,0,0,0,0
ISIC_0028728.jpg,0,1,0,0,0,0,0,0,0
ISIC_0028670.jpg,0,1,0,0,0,0,0,0,0
ISIC_0027478.jpg,0,1,0,0,0,0,0,0,0
ISIC_0028989.jpg,0,1,0,0,0,0,0,0,0
ISIC_0025731.jpg,0,1,0,0,0,0,0,0,0
ISIC_0029392.jpg,0,1,0,0,0,0,0,0,0
ISIC_0027175.jpg,0,1,0,0,0,0,0,0,0
ISIC_0027189.jpg,0,1,0,0,0,0,0,0,0
ISIC_0028059.jpg,0,1,0,0,0,0,0,0,0
ISIC_0029805.jpg,0,1,0,0,0,0,0,0,0
ISIC_0026995.jpg,0,1,0,0,0,0,0,0,0
ISIC_0031056.jpg,0,1,0,0,0,0,0,0,0
ISIC_0030114.jpg,0,1,0,0,0,0,0,0,0
ISIC_0025818.jpg,0,1,0,0,0,0,0,0,0
ISIC_0024799.jpg,0,1,0,0,0,0,0,0,0
ISIC_0028106.jpg,0,1,0,0,0,0,0,0,0
ISIC_0024885.jpg,0,1,0,0,0,0,0,0,0
ISIC_0029020.jpg,0,1,0,0,0,0,0,0,0
ISIC_0026968.jpg,0,1,0,0,0,0,0,0,0
ISIC_0031009.jpg,0,1,0,0,0,0,0,0,0
ISIC_0028937.jpg,0,1,0,0,0,0,0,0,0
ISIC_0025650.jpg,0,1,0,0,0,0,0,0,0
ISIC_0026074.jpg,0,1,0,0,0,0,0,0,0
ISIC_0031041.jpg,0,1,0,0,0,0,0,0,0
ISIC_0028316.jpg,0,1,0,0,0,0,0,0,0
ISIC_0029372.jpg,0,1,0,0,0,0,0,0,0
ISIC_0024795.jpg,0,1,0,0,0,0,0,0,0
ISIC_0027825.jpg,0,1,0,0,0,0,0,0,0
ISIC_0024897.jpg,0,1,0,0,0,0,0,0,0
ISIC_0031513.jpg,0,1,0,0,0,0,0,0,0
ISIC_0024673.jpg,0,1,0,0,0,0,0,0,0
ISIC_0028928.jpg,0,1,0,0,0,0,0,0,0
ISIC_0029680.jpg,0,1,0,0,0,0,0,0,0
ISIC_0030690.jpg,0,1,0,0,0,0,0,0,0
ISIC_0027425.jpg,0,1,0,0,0,0,0,0,0
ISIC_0027851.jpg,0,1,0,0,0,0,0,0,0
ISIC_0030800.jpg,0,1,0,0,0,0,0,0,0
ISIC_0027291.jpg,0,1,0,0,0,0,0,0,0
ISIC_0027058.jpg,0,1,0,0,0,0,0,0,0
ISIC_0029919.jpg,0,1,0,0,0,0,0,0,0
ISIC_0027281.jpg,0,1,0,0,0,0,0,0,0
ISIC_0029342.jpg,0,1,0,0,0,0,0,0,0
ISIC_0024634.jpg,0,1,0,0,0,0,0,0,0
ISIC_0028095.jpg,0,1,0,0,0,0,0,0,0
ISIC_0025826.jpg,0,1,0,0,0,0,0,0,0
ISIC_0029515.jpg,0,1,0,0,0,0,0,0,0
ISIC_0031122.jpg,0,1,0,0,0,0,0,0,0
ISIC_0026192.jpg,0,1,0,0,0,0,0,0,0
ISIC_0027814.jpg,0,1,0,0,0,0,0,0,0
ISIC_0028677.jpg,0,1,0,0,0,0,0,0,0
ISIC_0029539.jpg,0,1,0,0,0,0,0,0,0
ISIC_0025971.jpg,0,1,0,0,0,0,0,0,0
ISIC_0028978.jpg,0,1,0,0,0,0,0,0,0
ISIC_0029831.jpg,0,1,0,0,0,0,0,0,0
ISIC_0027675.jpg,0,1,0,0,0,0,0,0,0
ISIC_0025509.jpg,0,1,0,0,0,0,0,0,0
ISIC_0028671.jpg,0,1,0,0,0,0,0,0,0
ISIC_0027920.jpg,0,1,0,0,0,0,0,0,0
ISIC_0031057.jpg,0,1,0,0,0,0,0,0,0
ISIC_0027788.jpg,0,1,0,0,0,0,0,0,0
ISIC_0029230.jpg,0,1,0,0,0,0,0,0,0
ISIC_0027601.jpg,0,1,0,0,0,0,0,0,0
ISIC_0026118.jpg,0,1,0,0,0,0,0,0,0
ISIC_0025260.jpg,0,1,0,0,0,0,0,0,0
ISIC_0029524.jpg,0,1,0,0,0,0,0,0,0
ISIC_0029466.jpg,0,1,0,0,0,0,0,0,0
ISIC_0030511.jpg,0,1,0,0,0,0,0,0,0
ISIC_0028739.jpg,0,1,0,0,0,0,0,0,0
ISIC_0026970.jpg,0,1,0,0,0,0,0,0,0
ISIC_0029847.jpg,0,1,0,0,0,0,0,0,0
ISIC_0024573.jpg,0,1,0,0,0,0,0,0,0
ISIC_0027858.jpg,0,1,0,0,0,0,0,0,0
ISIC_0026643.jpg,0,1,0,0,0,0,0,0,0
ISIC_0029083.jpg,0,1,0,0,0,0,0,0,0
ISIC_0031225.jpg,0,1,0,0,0,0,0,0,0
ISIC_0025630.jpg,0,1,0,0,0,0,0,0,0
ISIC_0029034.jpg,0,1,0,0,0,0,0,0,0
ISIC_0025980.jpg,0,0,1,0,0,0,0,0,0
ISIC_0030021.jpg,0,0,1,0,0,0,0,0,0
ISIC_0033675.jpg,0,0,1,0,0,0,0,0,0
ISIC_0033695.jpg,0,0,1,0,0,0,0,0,0
ISIC_0029824.jpg,0,0,1,0,0,0,0,0,0
ISIC_0029967.jpg,0,0,1,0,0,0,0,0,0
ISIC_0027745.jpg,0,0,1,0,0,0,0,0,0
ISIC_0025903.jpg,0,0,1,0,0,0,0,0,0
ISIC_0027876.jpg,0,0,1,0,0,0,0,0,0
ISIC_0031358.jpg,0,0,1,0,0,0,0,0,0
ISIC_0029783.jpg,0,0,1,0,0,0,0,0,0
ISIC_0028880.jpg,0,0,1,0,0,0,0,0,0
ISIC_0025594.jpg,0,0,1,0,0,0,0,0,0
ISIC_0031257.jpg,0,0,1,0,0,0,0,0,0
ISIC_0033626.jpg,0,0,1,0,0,0,0,0,0
ISIC_0033780.jpg,0,0,1,0,0,0,0,0,0
ISIC_0033790.jpg,0,0,1,0,0,0,0,0,0
ISIC_0027008.jpg,0,0,1,0,0,0,0,0,0
ISIC_0033891.jpg,0,0,1,0,0,0,0,0,0
ISIC_0030579.jpg,0,0,1,0,0,0,0,0,0
ISIC_0029578.jpg,0,0,1,0,0,0,0,0,0
ISIC_0029973.jpg,0,0,1,0,0,0,0,0,0
ISIC_0027598.jpg,0,0,1,0,0,0,0,0,0
ISIC_0031271.jpg,0,0,1,0,0,0,0,0,0
ISIC_0029130.jpg,0,0,1,0,0,0,0,0,0
ISIC_0029297.jpg,0,0,1,0,0,0,0,0,0
ISIC_0027626.jpg,0,0,1,0,0,0,0,0,0
ISIC_0031799.jpg,0,0,1,0,0,0,0,0,0
ISIC_0027044.jpg,0,0,1,0,0,0,0,0,0
ISIC_0030321.jpg,0,0,1,0,0,0,0,0,0
ISIC_0032114.jpg,0,0,1,0,0,0,0,0,0
ISIC_0030830.jpg,0,0,1,0,0,0,0,0,0
ISIC_0033808.jpg,0,0,1,0,0,0,0,0,0
ISIC_0033005.jpg,0,0,1,0,0,0,0,0,0
ISIC_0032138.jpg,0,0,1,0,0,0,0,0,0
ISIC_0033847.jpg,0,0,1,0,0,0,0,0,0
ISIC_0028735.jpg,0,0,1,0,0,0,0,0,0
ISIC_0030665.jpg,0,0,1,0,0,0,0,0,0
ISIC_0027216.jpg,0,0,1,0,0,0,0,0,0
ISIC_0025373.jpg,0,0,1,0,0,0,0,0,0
ISIC_0025668.jpg,0,0,1,0,0,0,0,0,0
ISIC_0032247.jpg,0,0,1,0,0,0,0,0,0
ISIC_0031735.jpg,0,0,1,0,0,0,0,0,0
ISIC_0030757.jpg,0,0,1,0,0,0,0,0,0
ISIC_0028651.jpg,0,0,1,0,0,0,0,0,0
ISIC_0033554.jpg,0,0,1,0,0,0,0,0,0
ISIC_0026254.jpg,0,0,1,0,0,0,0,0,0
ISIC_0030011.jpg,0,0,1,0,0,0,0,0,0
ISIC_0026471.jpg,0,0,1,0,0,0,0,0,0
ISIC_0025622.jpg,0,0,1,0,0,0,0,0,0
ISIC_0029052.jpg,0,0,1,0,0,0,0,0,0
ISIC_0031429.jpg,0,0,1,0,0,0,0,0,0
ISIC_0032613.jpg,0,0,1,0,0,0,0,0,0
ISIC_0029177.jpg,0,0,1,0,0,0,0,0,0
ISIC_0031309.jpg,0,0,1,0,0,0,0,0,0
ISIC_0032941.jpg,0,0,1,0,0,0,0,0,0
ISIC_0025302.jpg,0,0,1,0,0,0,0,0,0
ISIC_0030015.jpg,0,0,1,0,0,0,0,0,0
ISIC_0025314.jpg,0,0,1,0,0,0,0,0,0
ISIC_0029039.jpg,0,0,1,0,0,0,0,0,0
ISIC_0029248.jpg,0,0,1,0,0,0,0,0,0
ISIC_0028346.jpg,0,0,1,0,0,0,0,0,0
ISIC_0034135.jpg,0,0,1,0,0,0,0,0,0
ISIC_0030870.jpg,0,0,1,0,0,0,0,0,0
ISIC_0027107.jpg,0,0,1,0,0,0,0,0,0
ISIC_0029962.jpg,0,0,1,0,0,0,0,0,0
ISIC_0031443.jpg,0,0,1,0,0,0,0,0,0
ISIC_0027141.jpg,0,0,1,0,0,0,0,0,0
ISIC_0032468.jpg,0,0,1,0,0,0,0,0,0
ISIC_0028926.jpg,0,0,1,0,0,0,0,0,0
ISIC_0027488.jpg,0,0,1,0,0,0,0,0,0
ISIC_0031344.jpg,0,0,1,0,0,0,0,0,0
ISIC_0032642.jpg,0,0,1,0,0,0,0,0,0
ISIC_0025504.jpg,0,0,1,0,0,0,0,0,0
ISIC_0025911.jpg,0,0,1,0,0,0,0,0,0
ISIC_0026473.jpg,0,0,1,0,0,0,0,0,0
ISIC_0033860.jpg,0,0,1,0,0,0,0,0,0
ISIC_0033810.jpg,0,0,1,0,0,0,0,0,0
ISIC_0026313.jpg,0,0,1,0,0,0,0,0,0
ISIC_0030442.jpg,0,0,1,0,0,0,0,0,0
ISIC_0026629.jpg,0,0,1,0,0,0,0,0,0
ISIC_0029891.jpg,0,0,1,0,0,0,0,0,0
ISIC_0025954.jpg,0,0,1,0,0,0,0,0,0
ISIC_0025771.jpg,0,0,1,0,0,0,0,0,0
ISIC_0026789.jpg,0,0,1,0,0,0,0,0,0
ISIC_0031372.jpg,0,0,1,0,0,0,0,0,0
ISIC_0027613.jpg,0,0,1,0,0,0,0,0,0
ISIC_0031827.jpg,0,0,1,0,0,0,0,0,0
ISIC_0026417.jpg,0,0,1,0,0,0,0,0,0
ISIC_0030427.jpg,0,0,1,0,0,0,0,0,0
ISIC_0030555.jpg,0,0,1,0,0,0,0,0,0
ISIC_0025223.jpg,0,0,1,0,0,0,0,0,0
ISIC_0027648.jpg,0,0,1,0,0,0,0,0,0
ISIC_0031457.jpg,0,0,1,0,0,0,0,0,0
ISIC_0028790.jpg,0,0,1,0,0,0,0,0,0
ISIC_0000280.jpg,0,0,0,1,0,0,0,0,0
ISIC_0001148.jpg,0,0,0,1,0,0,0,0,0
ISIC_0001116.jpg,0,0,0,1,0,0,0,0,0
ISIC_0010143.jpg,0,0,0,1,0,0,0,0,0
ISIC_0010900.jpg,0,0,0,1,0,0,0,0,0
ISIC_0010251.jpg,0,0,0,1,0,0,0,0,0
ISIC_0010162.jpg,0,0,0,1,0,0,0,0,0
ISIC_0010322.jpg,0,0,0,1,0,0,0,0,0
ISIC_0010415.jpg,0,0,0,1,0,0,0,0,0
ISIC_0010189.jpg,0,0,0,1,0,0,0,0,0
ISIC_0010597.jpg,0,0,0,1,0,0,0,0,0
ISIC_0010631.jpg,0,0,0,1,0,0,0,0,0
ISIC_0010426.jpg,0,0,0,1,0,0,0,0,0
ISIC_0000147.jpg,0,0,0,1,0,0,0,0,0
ISIC_0000517.jpg,0,0,0,1,0,0,0,0,0
ISIC_0000553.jpg,0,0,0,1,0,0,0,0,0
ISIC_0009898.jpg,0,0,0,1,0,0,0,0,0
ISIC_0010629.jpg,0,0,0,1,0,0,0,0,0
ISIC_0001102.jpg,0,0,0,1,0,0,0,0,0
ISIC_0010241.jpg,0,0,0,1,0,0,0,0,0
ISIC_0010652.jpg,0,0,0,1,0,0,0,0,0
ISIC_0010852.jpg,0,0,0,1,0,0,0,0,0
ISIC_0010580.jpg,0,0,0,1,0,0,0,0,0
ISIC_0010476.jpg,0,0,0,1,0,0,0,0,0
ISIC_0010663.jpg,0,0,0,1,0,0,0,0,0
ISIC_0010235.jpg,0,0,0,1,0,0,0,0,0
ISIC_0000405.jpg,0,0,0,1,0,0,0,0,0
ISIC_0000548.jpg,0,0,0,1,0,0,0,0,0
ISIC_0010690.jpg,0,0,0,1,0,0,0,0,0
ISIC_0000414.jpg,0,0,0,1,0,0,0,0,0
ISIC_0000171.jpg,0,0,0,1,0,0,0,0,0
ISIC_0001143.jpg,0,0,0,1,0,0,0,0,0
ISIC_0010391.jpg,0,0,0,1,0,0,0,0,0
ISIC_0001141.jpg,0,0,0,1,0,0,0,0,0
ISIC_0010089.jpg,0,0,0,1,0,0,0,0,0
ISIC_0000289.jpg,0,0,0,1,0,0,0,0,0
ISIC_0010441.jpg,0,0,0,1,0,0,0,0,0
ISIC_0010423.jpg,0,0,0,1,0,0,0,0,0
ISIC_0000146.jpg,0,0,0,1,0,0,0,0,0
ISIC_0010271.jpg,0,0,0,1,0,0,0,0,0
ISIC_0010803.jpg,0,0,0,1,0,0,0,0,0
ISIC_0001119.jpg,0,0,0,1,0,0,0,0,0
ISIC_0000487.jpg,0,0,0,1,0,0,0,0,0
ISIC_0010782.jpg,0,0,0,1,0,0,0,0,0
ISIC_0000400.jpg,0,0,0,1,0,0,0,0,0
ISIC_0011043.jpg,0,0,0,1,0,0,0,0,0
ISIC_0011174.jpg,0,0,0,1,0,0,0,0,0
ISIC_0000484.jpg,0,0,0,1,0,0,0,0,0
ISIC_0010470.jpg,0,0,0,1,0,0,0,0,0
ISIC_0010355.jpg,0,0,0,1,0,0,0,0,0
ISIC_0011099.jpg,0,0,0,1,0,0,0,0,0
ISIC_0010772.jpg,0,0,0,1,0,0,0,0,0
ISIC_0010532.jpg,0,0,0,1,0,0,0,0,0
ISIC_0010398.jpg,0,0,0,1,0,0,0,0,0
ISIC_0010036.jpg,0,0,0,1,0,0,0,0,0
ISIC_0010140.jpg,0,0,0,1,0,0,0,0,0
ISIC_0010537.jpg,0,0,0,1,0,0,0,0,0
ISIC_0010872.jpg,0,0,0,1,0,0,0,0,0
ISIC_0010289.jpg,0,0,0,1,0,0,0,0,0
ISIC_0010299.jpg,0,0,0,1,0,0,0,0,0
ISIC_0000175.jpg,0,0,0,1,0,0,0,0,0
ISIC_0000410.jpg,0,0,0,1,0,0,0,0,0
ISIC_0001126.jpg,0,0,0,1,0,0,0,0,0
ISIC_0011151.jpg,0,0,0,1,0,0,0,0,0
ISIC_0010011.jpg,0,0,0,1,0,0,0,0,0
ISIC_0010737.jpg,0,0,0,1,0,0,0,0,0
ISIC_0010049.jpg,0,0,0,1,0,0,0,0,0
ISIC_0000308.jpg,0,0,0,1,0,0,0,0,0
ISIC_0000301.jpg,0,0,0,1,0,0,0,0,0
ISIC_0010564.jpg,0,0,0,1,0,0,0,0,0
ISIC_0000393.jpg,0,0,0,1,0,0,0,0,0
ISIC_0010208.jpg,0,0,0,1,0,0,0,0,0
ISIC_0011045.jpg,0,0,0,1,0,0,0,0,0
ISIC_0011135.jpg,0,0,0,1,0,0,0,0,0
ISIC_0010039.jpg,0,0,0,1,0,0,0,0,0
ISIC_0010729.jpg,0,0,0,1,0,0,0,0,0
ISIC_0010754.jpg,0,0,0,1,0,0,0,0,0
ISIC_0000513.jpg,0,0,0,1,0,0,0,0,0
ISIC_0000401.jpg,0,0,0,1,0,0,0,0,0
ISIC_0009971.jpg,0,0,0,1,0,0,0,0,0
ISIC_0010231.jpg,0,0,0,1,0,0,0,0,0
ISIC_0010329.jpg,0,0,0,1,0,0,0,0,0
ISIC_0009934.jpg,0,0,0,1,0,0,0,0,0
ISIC_0010878.jpg,0,0,0,1,0,0,0,0,0
ISIC_0010559.jpg,0,0,0,1,0,0,0,0,0
ISIC_0000554.jpg,0,0,0,1,0,0,0,0,0
ISIC_0010194.jpg,0,0,0,1,0,0,0,0,0
ISIC_0000148.jpg,0,0,0,1,0,0,0,0,0
ISIC_0001134.jpg,0,0,0,1,0,0,0,0,0
ISIC_0010610.jpg,0,0,0,1,0,0,0,0,0
ISIC_0010978.jpg,0,0,0,1,0,0,0,0,0
ISIC_0009910.jpg,0,0,0,1,0,0,0,0,0
ISIC_0010609.jpg,0,0,0,1,0,0,0,0,0
ISIC_0000145.jpg,0,0,0,1,0,0,0,0,0
ISIC_0000293.jpg,0,0,0,1,0,0,0,0,0
ISIC_0000555.jpg,0,0,0,1,0,0,0,0,0
ISIC_0000440.jpg,0,0,0,1,0,0,0,0,0
ISIC_0010364.jpg,0,0,0,1,0,0,0,0,0
ISIC_0010723.jpg,0,0,0,1,0,0,0,0,0
ISIC_0000296.jpg,0,0,0,1,0,0,0,0,0
ISIC_0000417.jpg,0,0,0,1,0,0,0,0,0
ISIC_0000172.jpg,0,0,0,1,0,0,0,0,0
ISIC_0010358.jpg,0,0,0,1,0,0,0,0,0
ISIC_0010175.jpg,0,0,0,1,0,0,0,0,0
ISIC_0000278.jpg,0,0,0,1,0,0,0,0,0
ISIC_0010313.jpg,0,0,0,1,0,0,0,0,0
ISIC_0010714.jpg,0,0,0,1,0,0,0,0,0
ISIC_0011132.jpg,0,0,0,1,0,0,0,0,0
ISIC_0011130.jpg,0,0,0,1,0,0,0,0,0
ISIC_0000314.jpg,0,0,0,1,0,0,0,0,0
ISIC_0000306.jpg,0,0,0,1,0,0,0,0,0
ISIC_0001152.jpg,0,0,0,1,0,0,0,0,0
ISIC_0011094.jpg,0,0,0,1,0,0,0,0,0
ISIC_0001110.jpg,0,0,0,1,0,0,0,0,0
ISIC_0010131.jpg,0,0,0,1,0,0,0,0,0
ISIC_0001154.jpg,0,0,0,1,0,0,0,0,0
ISIC_0010655.jpg,0,0,0,1,0,0,0,0,0
ISIC_0010165.jpg,0,0,0,1,0,0,0,0,0
ISIC_0010034.jpg,0,0,0,1,0,0,0,0,0
ISIC_0010809.jpg,0,0,0,1,0,0,0,0,0
ISIC_0010094.jpg,0,0,0,1,0,0,0,0,0
ISIC_0010171.jpg,0,0,0,1,0,0,0,0,0
ISIC_0010164.jpg,0,0,0,1,0,0,0,0,0
ISIC_0000551.jpg,0,0,0,1,0,0,0,0,0
ISIC_0010148.jpg,0,0,0,1,0,0,0,0,0
ISIC_0011095.jpg,0,0,0,1,0,0,0,0,0
ISIC_0000518.jpg,0,0,0,1,0,0,0,0,0
ISIC_0010912.jpg,0,0,0,1,0,0,0,0,0
ISIC_0000516.jpg,0,0,0,1,0,0,0,0,0
ISIC_0010416.jpg,0,0,0,1,0,0,0,0,0
ISIC_0000299.jpg,0,0,0,1,0,0,0,0,0
ISIC_0000292.jpg,0,0,0,1,0,0,0,0,0
ISIC_0010302.jpg,0,0,0,1,0,0,0,0,0
ISIC_0010267.jpg,0,0,0,1,0,0,0,0,0
ISIC_0000552.jpg,0,0,0,1,0,0,0,0,0
ISIC_0000173.jpg,0,0,0,1,0,0,0,0,0
ISIC_0010925.jpg,0,0,0,1,0,0,0,0,0
ISIC_0001118.jpg,0,0,0,1,0,0,0,0,0
ISIC_0009868.jpg,0,0,0,1,0,0,0,0,0
ISIC_0010380.jpg,0,0,0,1,0,0,0,0,0
ISIC_0000155.jpg,0,0,0,1,0,0,0,0,0
ISIC_0010608.jpg,0,0,0,1,0,0,0,0,0
ISIC_0001125.jpg,0,0,0,1,0,0,0,0,0
ISIC_0010749.jpg,0,0,0,1,0,0,0,0,0
ISIC_0010883.jpg,0,0,0,1,0,0,0,0,0
ISIC_0000312.jpg,0,0,0,1,0,0,0,0,0
ISIC_0000444.jpg,0,0,0,1,0,0,0,0,0
ISIC_0000309.jpg,0,0,0,1,0,0,0,0,0
ISIC_0001137.jpg,0,0,0,1,0,0,0,0,0
ISIC_0010579.jpg,0,0,0,1,0,0,0,0,0
ISIC_0010979.jpg,0,0,0,1,0,0,0,0,0
ISIC_0011040.jpg,0,0,0,1,0,0,0,0,0
ISIC_0000550.jpg,0,0,0,1,0,0,0,0,0
ISIC_0000463.jpg,0,0,0,1,0,0,0,0,0
ISIC_0010023.jpg,0,0,0,1,0,0,0,0,0
ISIC_0010548.jpg,0,0,0,1,0,0,0,0,0
ISIC_0011163.jpg,0,0,0,1,0,0,0,0,0
ISIC_0009913.jpg,0,0,0,1,0,0,0,0,0
ISIC_0010866.jpg,0,0,0,1,0,0,0,0,0
ISIC_0010156.jpg,0,0,0,1,0,0,0,0,0
ISIC_0010295.jpg,0,0,0,1,0,0,0,0,0
ISIC_0009989.jpg,0,0,0,1,0,0,0,0,0
ISIC_0010392.jpg,0,0,0,1,0,0,0,0,0
ISIC_0000310.jpg,0,0,0,1,0,0,0,0,0
ISIC_0000466.jpg,0,0,0,1,0,0,0,0,0
ISIC_0010551.jpg,0,0,0,1,0,0,0,0,0
ISIC_0010789.jpg,0,0,0,1,0,0,0,0,0
ISIC_0010000.jpg,0,0,0,1,0,0,0,0,0
ISIC_0000176.jpg,0,0,0,1,0,0,0,0,0
ISIC_0010400.jpg,0,0,0,1,0,0,0,0,0
ISIC_0009992.jpg,0,0,0,1,0,0,0,0,0
ISIC_0011039.jpg,0,0,0,1,0,0,0,0,0
ISIC_0010050.jpg,0,0,0,1,0,0,0,0,0
ISIC_0010648.jpg,0,0,0,1,0,0,0,0,0
ISIC_0000302.jpg,0,0,0,1,0,0,0,0,0
ISIC_0000399.jpg,0,0,0,1,0,0,0,0,0
ISIC_0010280.jpg,0,0,0,1,0,0,0,0,0
ISIC_0000412.jpg,0,0,0,1,0,0,0,0,0
ISIC_0010587.jpg,0,0,0,1,0,0,0,0,0
ISIC_0010759.jpg,0,0,0,1,0,0,0,0,0
ISIC_0000406.jpg,0,0,0,1,0,0,0,0,0
ISIC_0000168.jpg,0,0,0,1,0,0,0,0,0
ISIC_0010503.jpg,0,0,0,1,0,0,0,0,0
ISIC_0000521.jpg,0,0,0,1,0,0,0,0,0
ISIC_0000153.jpg,0,0,0,1,0,0,0,0,0
ISIC_0010007.jpg,0,0,0,1,0,0,0,0,0
ISIC_0010209.jpg,0,0,0,1,0,0,0,0,0
ISIC_0000300.jpg,0,0,0,1,0,0,0,0,0
ISIC_0011136.jpg,0,0,0,1,0,0,0,0,0
ISIC_0011185.jpg,0,0,0,1,0,0,0,0,0
ISIC_0009955.jpg,0,0,0,1,0,0,0,0,0
ISIC_0010360.jpg,0,0,0,1,0,0,0,0,0
ISIC_0000149.jpg,0,0,0,1,0,0,0,0,0
ISIC_0010942.jpg,0,0,0,1,0,0,0,0,0
ISIC_0010644.jpg,0,0,0,1,0,0,0,0,0
ISIC_0010174.jpg,0,0,0,1,0,0,0,0,0
ISIC_0000161.jpg,0,0,0,1,0,0,0,0,0
ISIC_0000141.jpg,0,0,0,1,0,0,0,0,0
ISIC_0010278.jpg,0,0,0,1,0,0,0,0,0
ISIC_0010799.jpg,0,0,0,1,0,0,0,0,0
ISIC_0010810.jpg,0,0,0,1,0,0,0,0,0
ISIC_0000151.jpg,0,0,0,1,0,0,0,0,0
ISIC_0010376.jpg,0,0,0,1,0,0,0,0,0
ISIC_0010770.jpg,0,0,0,1,0,0,0,0,0
ISIC_0000156.jpg,0,0,0,1,0,0,0,0,0
ISIC_0001132.jpg,0,0,0,1,0,0,0,0,0
ISIC_0010394.jpg,0,0,0,1,0,0,0,0,0
ISIC_0010543.jpg,0,0,0,1,0,0,0,0,0
ISIC_0010350.jpg,0,0,0,1,0,0,0,0,0
ISIC_0010056.jpg,0,0,0,1,0,0,0,0,0
ISIC_0010792.jpg,0,0,0,1,0,0,0,0,0
ISIC_0000446.jpg,0,0,0,1,0,0,0,0,0
ISIC_0000143.jpg,0,0,0,1,0,0,0,0,0
ISIC_0010534.jpg,0,0,0,1,0,0,0,0,0
ISIC_0000502.jpg,0,0,0,1,0,0,0,0,0
ISIC_0010860.jpg,0,0,0,1,0,0,0,0,0
ISIC_0010385.jpg,0,0,0,1,0,0,0,0,0
ISIC_0009897.jpg,0,0,0,1,0,0,0,0,0
ISIC_0000162.jpg,0,0,0,1,0,0,0,0,0
ISIC_0010971.jpg,0,0,0,1,0,0,0,0,0
ISIC_0010783.jpg,0,0,0,1,0,0,0,0,0
ISIC_0010536.jpg,0,0,0,1,0,0,0,0,0
ISIC_0009908.jpg,0,0,0,1,0,0,0,0,0
ISIC_0010414.jpg,0,0,0,1,0,0,0,0,0
ISIC_0000139.jpg,0,0,0,1,0,0,0,0,0
ISIC_0010240.jpg,0,0,0,1,0,0,0,0,0
ISIC_0010024.jpg,0,0,0,1,0,0,0,0,0
ISIC_0010785.jpg,0,0,0,1,0,0,0,0,0
ISIC_0000445.jpg,0,0,0,1,0,0,0,0,0
ISIC_0010797.jpg,0,0,0,1,0,0,0,0,0
ISIC_0010217.jpg,0,0,0,1,0,0,0,0,0
ISIC_0010288.jpg,0,0,0,1,0,0,0,0,0
ISIC_0010741.jpg,0,0,0,1,0,0,0,0,0
ISIC_0001127.jpg,0,0,0,1,0,0,0,0,0
ISIC_0010410.jpg,0,0,0,1,0,0,0,0,0
ISIC_0011176.jpg,0,0,0,1,0,0,0,0,0
ISIC_0010417.jpg,0,0,0,1,0,0,0,0,0
ISIC_0011181.jpg,0,0,0,1,0,0,0,0,0
ISIC_0000167.jpg,0,0,0,1,0,0,0,0,0
ISIC_0001151.jpg,0,0,0,1,0,0,0,0,0
ISIC_0000398.jpg,0,0,0,1,0,0,0,0,0
ISIC_0000158.jpg,0,0,0,1,0,0,0,0,0
ISIC_0000313.jpg,0,0,0,1,0,0,0,0,0
ISIC_0010730.jpg,0,0,0,1,0,0,0,0,0
ISIC_0011128.jpg,0,0,0,1,0,0,0,0,0
ISIC_0001108.jpg,0,0,0,1,0,0,0,0,0
ISIC_0000291.jpg,0,0,0,1,0,0,0,0,0
ISIC_0010388.jpg,0,0,0,1,0,0,0,0,0
ISIC_0010283.jpg,0,0,0,1,0,0,0,0,0
ISIC_0000415.jpg,0,0,0,1,0,0,0,0,0
ISIC_0000166.jpg,0,0,0,1,0,0,0,0,0
ISIC_0009960.jpg,0,0,0,1,0,0,0,0,0
ISIC_0010653.jpg,0,0,0,1,0,0,0,0,0
ISIC_0010767.jpg,0,0,0,1,0,0,0,0,0
ISIC_0010466.jpg,0,0,0,1,0,0,0,0,0
ISIC_0000434.jpg,0,0,0,1,0,0,0,0,0
ISIC_0009886.jpg,0,0,0,1,0,0,0,0,0
ISIC_0010923.jpg,0,0,0,1,0,0,0,0,0
ISIC_0010917.jpg,0,0,0,1,0,0,0,0,0
ISIC_0010995.jpg,0,0,0,1,0,0,0,0,0
ISIC_0000395.jpg,0,0,0,1,0,0,0,0,0
ISIC_0011032.jpg,0,0,0,1,0,0,0,0,0
ISIC_0011166.jpg,0,0,0,1,0,0,0,0,0
ISIC_0001138.jpg,0,0,0,1,0,0,0,0,0
ISIC_0010396.jpg,0,0,0,1,0,0,0,0,0
ISIC_0010784.jpg,0,0,0,1,0,0,0,0,0
ISIC_0010611.jpg,0,0,0,1,0,0,0,0,0
ISIC_0010750.jpg,0,0,0,1,0,0,0,0,0
ISIC_0010137.jpg,0,0,0,1,0,0,0,0,0
ISIC_0010210.jpg,0,0,0,1,0,0,0,0,0
ISIC_0011077.jpg,0,0,0,1,0,0,0,0,0
ISIC_0010746.jpg,0,0,0,1,0,0,0,0,0
ISIC_0000144.jpg,0,0,0,1,0,0,0,0,0
ISIC_0010977.jpg,0,0,0,1,0,0,0,0,0
ISIC_0001103.jpg,0,0,0,1,0,0,0,0,0
ISIC_0000295.jpg,0,0,0,1,0,0,0,0,0
ISIC_0010054.jpg,0,0,0,1,0,0,0,0,0
ISIC_0000390.jpg,0,0,0,1,0,0,0,0,0
ISIC_0011052.jpg,0,0,0,1,0,0,0,0,0
ISIC_0010982.jpg,0,0,0,1,0,0,0,0,0
ISIC_0011139.jpg,0,0,0,1,0,0,0,0,0
ISIC_0009905.jpg,0,0,0,1,0,0,0,0,0
ISIC_0010765.jpg,0,0,0,1,0,0,0,0,0
ISIC_0010080.jpg,0,0,0,1,0,0,0,0,0
ISIC_0010791.jpg,0,0,0,1,0,0,0,0,0
ISIC_0011137.jpg,0,0,0,1,0,0,0,0,0
ISIC_0011169.jpg,0,0,0,1,0,0,0,0,0
ISIC_0000420.jpg,0,0,0,1,0,0,0,0,0
ISIC_0000413.jpg,0,0,0,1,0,0,0,0,0
ISIC_0010790.jpg,0,0,0,1,0,0,0,0,0
ISIC_0000520.jpg,0,0,0,1,0,0,0,0,0
ISIC_0010938.jpg,0,0,0,1,0,0,0,0,0
ISIC_0010029.jpg,0,0,0,1,0,0,0,0,0
ISIC_0010372.jpg,0,0,0,1,0,0,0,0,0
ISIC_0000163.jpg,0,0,0,1,0,0,0,0,0
ISIC_0010402.jpg,0,0,0,1,0,0,0,0,0
ISIC_0011158.jpg,0,0,0,1,0,0,0,0,0
ISIC_0010349.jpg,0,0,0,1,0,0,0,0,0
ISIC_0010890.jpg,0,0,0,1,0,0,0,0,0
ISIC_0000150.jpg,0,0,0,1,0,0,0,0,0
ISIC_0010393.jpg,0,0,0,1,0,0,0,0,0
ISIC_0010207.jpg,0,0,0,1,0,0,0,0,0
ISIC_0001140.jpg,0,0,0,1,0,0,0,0,0
ISIC_0009993.jpg,0,0,0,1,0,0,0,0,0
ISIC_0000303.jpg,0,0,0,1,0,0,0,0,0
ISIC_0011138.jpg,0,0,0,1,0,0,0,0,0
ISIC_0000305.jpg,0,0,0,1,0,0,0,0,0
ISIC_0000298.jpg,0,0,0,1,0,0,0,0,0
ISIC_0010120.jpg,0,0,0,1,0,0,0,0,0
ISIC_0010016.jpg,0,0,0,1,0,0,0,0,0
ISIC_0010576.jpg,0,0,0,1,0,0,0,0,0
ISIC_0010527.jpg,0,0,0,1,0,0,0,0,0
ISIC_0010766.jpg,0,0,0,1,0,0,0,0,0
ISIC_0010401.jpg,0,0,0,1,0,0,0,0,0
ISIC_0011013.jpg,0,0,0,1,0,0,0,0,0
ISIC_0009984.jpg,0,0,0,1,0,0,0,0,0
ISIC_0009890.jpg,0,0,0,1,0,0,0,0,0
ISIC_0000142.jpg,0,0,0,1,0,0,0,0,0
ISIC_0000279.jpg,0,0,0,1,0,0,0,0,0
ISIC_0000482.jpg,0,0,0,1,0,0,0,0,0
ISIC_0000174.jpg,0,0,0,1,0,0,0,0,0
ISIC_0011112.jpg,0,0,0,1,0,0,0,0,0
ISIC_0000469.jpg,0,0,0,1,0,0,0,0,0
ISIC_0010550.jpg,0,0,0,1,0,0,0,0,0
ISIC_0000164.jpg,0,0,0,1,0,0,0,0,0
ISIC_0011178.jpg,0,0,0,1,0,0,0,0,0
ISIC_0000459.jpg,0,0,0,1,0,0,0,0,0
ISIC_0010777.jpg,0,0,0,1,0,0,0,0,0
ISIC_0010630.jpg,0,0,0,1,0,0,0,0,0
ISIC_0011012.jpg,0,0,0,1,0,0,0,0,0
ISIC_0010546.jpg,0,0,0,1,0,0,0,0,0
ISIC_0010583.jpg,0,0,0,1,0,0,0,0,0
ISIC_0001124.jpg,0,0,0,1,0,0,0,0,0
ISIC_0010225.jpg,0,0,0,1,0,0,0,0,0
ISIC_0010514.jpg,0,0,0,1,0,0,0,0,0
ISIC_0010990.jpg,0,0,0,1,0,0,0,0,0
ISIC_0000152.jpg,0,0,0,1,0,0,0,0,0
ISIC_0000428.jpg,0,0,0,1,0,0,0,0,0
ISIC_0010757.jpg,0,0,0,1,0,0,0,0,0
ISIC_0010728.jpg,0,0,0,1,0,0,0,0,0
ISIC_0010778.jpg,0,0,0,1,0,0,0,0,0
ISIC_0010862.jpg,0,0,0,1,0,0,0,0,0
ISIC_0000160.jpg,0,0,0,1,0,0,0,0,0
ISIC_0000519.jpg,0,0,0,1,0,0,0,0,0
ISIC_0010319.jpg,0,0,0,1,0,0,0,0,0
ISIC_0001112.jpg,0,0,0,1,0,0,0,0,0
ISIC_0010397.jpg,0,0,0,1,0,0,0,0,0
ISIC_0010808.jpg,0,0,0,1,0,0,0,0,0
ISIC_0000511.jpg,0,0,0,1,0,0,0,0,0
ISIC_0000522.jpg,0,0,0,1,0,0,0,0,0
ISIC_0011031.jpg,0,0,0,1,0,0,0,0,0
ISIC_0000411.jpg,0,0,0,1,0,0,0,0,0
ISIC_0010413.jpg,0,0,0,1,0,0,0,0,0
ISIC_0010432.jpg,0,0,0,1,0,0,0,0,0
ISIC_0010533.jpg,0,0,0,1,0,0,0,0,0
ISIC_0000154.jpg,0,0,0,1,0,0,0,0,0
ISIC_0010834.jpg,0,0,0,1,0,0,0,0,0
ISIC_0000285.jpg,0,0,0,1,0,0,0,0,0
ISIC_0010106.jpg,0,0,0,1,0,0,0,0,0
ISIC_0010366.jpg,0,0,0,1,0,0,0,0,0
ISIC_0001101.jpg,0,0,0,1,0,0,0,0,0
ISIC_0010469.jpg,0,0,0,1,0,0,0,0,0
ISIC_0009916.jpg,0,0,0,1,0,0,0,0,0
ISIC_0001106.jpg,0,0,0,1,0,0,0,0,0
ISIC_0010965.jpg,0,0,0,1,0,0,0,0,0
ISIC_0009950.jpg,0,0,0,1,0,0,0,0,0
ISIC_0010909.jpg,0,0,0,1,0,0,0,0,0
ISIC_0009918.jpg,0,0,0,1,0,0,0,0,0
ISIC_0010478.jpg,0,0,0,1,0,0,0,0,0
ISIC_0000157.jpg,0,0,0,1,0,0,0,0,0
ISIC_0001157.jpg,0,0,0,1,0,0,0,0,0
ISIC_0011042.jpg,0,0,0,1,0,0,0,0,0
ISIC_0000297.jpg,0,0,0,1,0,0,0,0,0
ISIC_0000549.jpg,0,0,0,1,0,0,0,0,0
ISIC_0010119.jpg,0,0,0,1,0,0,0,0,0
ISIC_0010719.jpg,0,0,0,1,0,0,0,0,0
ISIC_0011125.jpg,0,0,0,1,0,0,0,0,0
ISIC_0011140.jpg,0,0,0,1,0,0,0,0,0
ISIC_0000288.jpg,0,0,0,1,0,0,0,0,0
ISIC_0009927.jpg,0,0,0,1,0,0,0,0,0
ISIC_0010468.jpg,0,0,0,1,0,0,0,0,0
ISIC_0010596.jpg,0,0,0,1,0,0,0,0,0
ISIC_0001105.jpg,0,0,0,1,0,0,0,0,0
ISIC_0010876.jpg,0,0,0,1,0,0,0,0,0
ISIC_0000404.jpg,0,0,0,1,0,0,0,0,0
ISIC_0000547.jpg,0,0,0,1,0,0,0,0,0
ISIC_0000533.jpg,0,0,0,1,0,0,0,0,0
ISIC_0010707.jpg,0,0,0,1,0,0,0,0,0
ISIC_0010265.jpg,0,0,0,1,0,0,0,0,0
ISIC_0009882.jpg,0,0,0,1,0,0,0,0,0
ISIC_0010486.jpg,0,0,0,1,0,0,0,0,0
ISIC_0010934.jpg,0,0,0,1,0,0,0,0,0
ISIC_0000531.jpg,0,0,0,1,0,0,0,0,0
ISIC_0011193.jpg,0,0,0,1,0,0,0,0,0
ISIC_0010863.jpg,0,0,0,1,0,0,0,0,0
ISIC_0000307.jpg,0,0,0,1,0,0,0,0,0
ISIC_0000432.jpg,0,0,0,1,0,0,0,0,0
ISIC_0000170.jpg,0,0,0,1,0,0,0,0,0
ISIC_0010812.jpg,0,0,0,1,0,0,0,0,0
ISIC_0011121.jpg,0,0,0,1,0,0,0,0,0
ISIC_0011187.jpg,0,0,0,1,0,0,0,0,0
ISIC_0010898.jpg,0,0,0,1,0,0,0,0,0
ISIC_0000165.jpg,0,0,0,1,0,0,0,0,0
ISIC_0011057.jpg,0,0,0,1,0,0,0,0,0
ISIC_0010591.jpg,0,0,0,1,0,0,0,0,0
ISIC_0010482.jpg,0,0,0,1,0,0,0,0,0
ISIC_0010379.jpg,0,0,0,1,0,0,0,0,0
ISIC_0010796.jpg,0,0,0,1,0,0,0,0,0
ISIC_0000394.jpg,0,0,0,1,0,0,0,0,0
ISIC_0001142.jpg,0,0,0,1,0,0,0,0,0
ISIC_0000402.jpg,0,0,0,1,0,0,0,0,0
ISIC_0000159.jpg,0,0,0,1,0,0,0,0,0
ISIC_0011007.jpg,0,0,0,1,0,0,0,0,0
ISIC_0000441.jpg,0,0,0,1,0,0,0,0,0
ISIC_0010081.jpg,0,0,0,1,0,0,0,0,0
ISIC_0010485.jpg,0,0,0,1,0,0,0,0,0
ISIC_0000526.jpg,0,0,0,1,0,0,0,0,0
ISIC_0001135.jpg,0,0,0,1,0,0,0,0,0
ISIC_0000462.jpg,0,0,0,1,0,0,0,0,0
ISIC_0000169.jpg,0,0,0,1,0,0,0,0,0
ISIC_0010555.jpg,0,0,0,1,0,0,0,0,0
ISIC_0011161.jpg,0,0,0,1,0,0,0,0,0
ISIC_0010245.jpg,0,0,0,1,0,0,0,0,0
ISIC_0000294.jpg,0,0,0,1,0,0,0,0,0
ISIC_0010993.jpg,0,0,0,1,0,0,0,0,0
ISIC_0010067.jpg,0,0,0,1,0,0,0,0,0
ISIC_0010145.jpg,0,0,0,1,0,0,0,0,0
ISIC_0000311.jpg,0,0,0,1,0,0,0,0,0
ISIC_0001121.jpg,0,0,0,1,0,0,0,0,0
ISIC_0001128.jpg,0,0,0,1,0,0,0,0,0
ISIC_0000450.jpg,0,0,0,1,0,0,0,0,0
ISIC_0010321.jpg,0,0,0,1,0,0,0,0,0
ISIC_0010359.jpg,0,0,0,1,0,0,0,0,0
ISIC_0011030.jpg,0,0,0,1,0,0,0,0,0
ISIC_0010407.jpg,0,0,0,1,0,0,0,0,0
ISIC_0011056.jpg,0,0,0,1,0,0,0,0,0
ISIC_0010516.jpg,0,0,0,1,0,0,0,0,0
ISIC_0000304.jpg,0,0,0,1,0,0,0,0,0
ISIC_0000360.jpg,0,0,0,0,1,0,0,0,0
ISIC_0000333.jpg,0,0,0,0,1,0,0,0,0
ISIC_0024913.jpg,0,0,0,0,1,0,0,0,0
ISIC_0024800.jpg,0,0,0,0,1,0,0,0,0
ISIC_0000227.jpg,0,0,0,0,1,0,0,0,0
ISIC_0000374.jpg,0,0,0,0,1,0,0,0,0
ISIC_0000447.jpg,0,0,0,0,1,0,0,0,0
ISIC_0000219.jpg,0,0,0,0,1,0,0,0,0
ISIC_0000391.jpg,0,0,0,0,1,0,0,0,0
ISIC_0000483.jpg,0,0,0,0,1,0,0,0,0
ISIC_0000041.jpg,0,0,0,0,1,0,0,0,0
ISIC_0000448.jpg,0,0,0,0,1,0,0,0,0
ISIC_0000356.jpg,0,0,0,0,1,0,0,0,0
ISIC_0000221.jpg,0,0,0,0,1,0,0,0,0
ISIC_0000461.jpg,0,0,0,0,1,0,0,0,0
ISIC_0000477.jpg,0,0,0,0,1,0,0,0,0
ISIC_0000345.jpg,0,0,0,0,1,0,0,0,0
ISIC_0000321.jpg,0,0,0,0,1,0,0,0,0
ISIC_0024468.jpg,0,0,0,0,1,0,0,0,0
ISIC_0027950.jpg,0,0,0,0,1,0,0,0,0
ISIC_0000545.jpg,0,0,0,0,1,0,0,0,0
ISIC_0025803.jpg,0,0,0,0,1,0,0,0,0
ISIC_0000478.jpg,0,0,0,0,1,0,0,0,0
ISIC_0000540.jpg,0,0,0,0,1,0,0,0,0
ISIC_0000538.jpg,0,0,0,0,1,0,0,0,0
ISIC_0000387.jpg,0,0,0,0,1,0,0,0,0
ISIC_0000350.jpg,0,0,0,0,1,0,0,0,0
ISIC_0000359.jpg,0,0,0,0,1,0,0,0,0
ISIC_0025992.jpg,0,0,0,0,1,0,0,0,0
ISIC_0000328.jpg,0,0,0,0,1,0,0,0,0
ISIC_0000059.jpg,0,0,0,0,1,0,0,0,0
ISIC_0028393.jpg,0,0,0,0,1,0,0,0,0
ISIC_0000532.jpg,0,0,0,0,1,0,0,0,0
ISIC_0000223.jpg,0,0,0,0,1,0,0,0,0
ISIC_0000525.jpg,0,0,0,0,1,0,0,0,0
ISIC_0000318.jpg,0,0,0,0,1,0,0,0,0
ISIC_0000064.jpg,0,0,0,0,1,0,0,0,0
ISIC_0027650.jpg,0,0,0,0,1,0,0,0,0
ISIC_0000384.jpg,0,0,0,0,1,0,0,0,0
ISIC_0000480.jpg,0,0,0,0,1,0,0,0,0
ISIC_0000481.jpg,0,0,0,0,1,0,0,0,0
ISIC_0028190.jpg,0,0,0,0,1,0,0,0,0
ISIC_0000379.jpg,0,0,0,0,1,0,0,0,0
ISIC_0026194.jpg,0,0,0,0,1,0,0,0,0
ISIC_0000094.jpg,0,0,0,0,1,0,0,0,0
ISIC_0029133.jpg,0,0,0,0,1,0,0,0,0
ISIC_0000427.jpg,0,0,0,0,1,0,0,0,0
ISIC_0000392.jpg,0,0,0,0,1,0,0,0,0
ISIC_0000323.jpg,0,0,0,0,1,0,0,0,0
ISIC_0000474.jpg,0,0,0,0,1,0,0,0,0
ISIC_0000457.jpg,0,0,0,0,1,0,0,0,0
ISIC_0026626.jpg,0,0,0,0,1,0,0,0,0
ISIC_0000326.jpg,0,0,0,0,1,0,0,0,0
ISIC_0000504.jpg,0,0,0,0,1,0,0,0,0
ISIC_0000527.jpg,0,0,0,0,1,0,0,0,0
ISIC_0000057.jpg,0,0,0,0,1,0,0,0,0
ISIC_0000261.jpg,0,0,0,0,1,0,0,0,0
ISIC_0000439.jpg,0,0,0,0,1,0,0,0,0
ISIC_0000019.jpg,0,0,0,0,1,0,0,0,0
ISIC_0029309.jpg,0,0,0,0,1,0,0,0,0
ISIC_0000416.jpg,0,0,0,0,1,0,0,0,0
ISIC_0000065.jpg,0,0,0,0,1,0,0,0,0
ISIC_0000408.jpg,0,0,0,0,1,0,0,0,0
ISIC_0024771.jpg,0,0,0,0,1,0,0,0,0
ISIC_0000270.jpg,0,0,0,0,1,0,0,0,0
ISIC_0000079.jpg,0,0,0,0,1,0,0,0,0
ISIC_0000264.jpg,0,0,0,0,1,0,0,0,0
ISIC_0000061.jpg,0,0,0,0,1,0,0,0,0
ISIC_0029210.jpg,0,0,0,0,1,0,0,0,0
ISIC_0000343.jpg,0,0,0,0,1,0,0,0,0
ISIC_0000436.jpg,0,0,0,0,1,0,0,0,0
ISIC_0028370.jpg,0,0,0,0,1,0,0,0,0
ISIC_0000421.jpg,0,0,0,0,1,0,0,0,0
ISIC_0000317.jpg,0,0,0,0,1,0,0,0,0
ISIC_0000334.jpg,0,0,0,0,1,0,0,0,0
ISIC_0000266.jpg,0,0,0,0,1,0,0,0,0
ISIC_0000232.jpg,0,0,0,0,1,0,0,0,0
ISIC_0000246.jpg,0,0,0,0,1,0,0,0,0
ISIC_0000052.jpg,0,0,0,0,1,0,0,0,0
ISIC_0000068.jpg,0,0,0,0,1,0,0,0,0
ISIC_0000080.jpg,0,0,0,0,1,0,0,0,0
ISIC_0000423.jpg,0,0,0,0,1,0,0,0,0
ISIC_0024511.jpg,0,0,0,0,1,0,0,0,0
ISIC_0000095.jpg,0,0,0,0,1,0,0,0,0
ISIC_0010889.jpg,0,0,0,0,1,0,0,0,0
ISIC_0000534.jpg,0,0,0,0,1,0,0,0,0
ISIC_0000240.jpg,0,0,0,0,1,0,0,0,0
ISIC_0000543.jpg,0,0,0,0,1,0,0,0,0
ISIC_0000340.jpg,0,0,0,0,1,0,0,0,0
ISIC_0000273.jpg,0,0,0,0,1,0,0,0,0
ISIC_0000248.jpg,0,0,0,0,1,0,0,0,0
ISIC_0000337.jpg,0,0,0,0,1,0,0,0,0
ISIC_0000422.jpg,0,0,0,0,1,0,0,0,0
ISIC_0000245.jpg,0,0,0,0,1,0,0,0,0
ISIC_0027254.jpg,0,0,0,0,1,0,0,0,0
ISIC_0000230.jpg,0,0,0,0,1,0,0,0,0
ISIC_0000025.jpg,0,0,0,0,1,0,0,0,0
ISIC_0000055.jpg,0,0,0,0,1,0,0,0,0
ISIC_0027452.jpg,0,0,0,0,1,0,0,0,0
ISIC_0000378.jpg,0,0,0,0,1,0,0,0,0
ISIC_0000541.jpg,0,0,0,0,1,0,0,0,0
ISIC_0000096.jpg,0,0,0,0,1,0,0,0,0
ISIC_0000539.jpg,0,0,0,0,1,0,0,0,0
ISIC_0028941.jpg,0,0,0,0,1,0,0,0,0
ISIC_0000024.jpg,0,0,0,0,1,0,0,0,0
ISIC_0000339.jpg,0,0,0,0,1,0,0,0,0
ISIC_0000352.jpg,0,0,0,0,1,0,0,0,0
ISIC_0000341.jpg,0,0,0,0,1,0,0,0,0
ISIC_0029041.jpg,0,0,0,0,1,0,0,0,0
ISIC_0000505.jpg,0,0,0,0,1,0,0,0,0
ISIC_0000021.jpg,0,0,0,0,1,0,0,0,0
ISIC_0000456.jpg,0,0,0,0,1,0,0,0,0
ISIC_0000377.jpg,0,0,0,0,1,0,0,0,0
ISIC_0000331.jpg,0,0,0,0,1,0,0,0,0
ISIC_0000437.jpg,0,0,0,0,1,0,0,0,0
ISIC_0027580.jpg,0,0,0,0,1,0,0,0,0
ISIC_0000473.jpg,0,0,0,0,1,0,0,0,0
ISIC_0000442.jpg,0,0,0,0,1,0,0,0,0
ISIC_0000453.jpg,0,0,0,0,1,0,0,0,0
ISIC_0026765.jpg,0,0,0,0,1,0,0,0,0
ISIC_0027172.jpg,0,0,0,0,1,0,0,0,0
ISIC_0000529.jpg,0,0,0,0,1,0,0,0,0
ISIC_0000496.jpg,0,0,0,0,1,0,0,0,0
ISIC_0000498.jpg,0,0,0,0,1,0,0,0,0
ISIC_0000430.jpg,0,0,0,0,1,0,0,0,0
ISIC_0000546.jpg,0,0,0,0,1,0,0,0,0
ISIC_0000369.jpg,0,0,0,0,1,0,0,0,0
ISIC_0000222.jpg,0,0,0,0,1,0,0,0,0
ISIC_0000431.jpg,0,0,0,0,1,0,0,0,0
ISIC_0000244.jpg,0,0,0,0,1,0,0,0,0
ISIC_0000382.jpg,0,0,0,0,1,0,0,0,0
ISIC_0000367.jpg,0,0,0,0,1,0,0,0,0
ISIC_0000084.jpg,0,0,0,0,1,0,0,0,0
ISIC_0000475.jpg,0,0,0,0,1,0,0,0,0
ISIC_0000233.jpg,0,0,0,0,1,0,0,0,0
ISIC_0000409.jpg,0,0,0,0,1,0,0,0,0
ISIC_0000470.jpg,0,0,0,0,1,0,0,0,0
ISIC_0000388.jpg,0,0,0,0,1,0,0,0,0
ISIC_0024948.jpg,0,0,0,0,1,0,0,0,0
ISIC_0000262.jpg,0,0,0,0,1,0,0,0,0
ISIC_0028990.jpg,0,0,0,0,1,0,0,0,0
ISIC_0000497.jpg,0,0,0,0,1,0,0,0,0
ISIC_0000407.jpg,0,0,0,0,1,0,0,0,0
ISIC_0026468.jpg,0,0,0,0,1,0,0,0,0
ISIC_0000020.jpg,0,0,0,0,1,0,0,0,0
ISIC_0028076.jpg,0,0,0,0,1,0,0,0,0
ISIC_0000073.jpg,0,0,0,0,1,0,0,0,0
ISIC_0000490.jpg,0,0,0,0,1,0,0,0,0
ISIC_0000509.jpg,0,0,0,0,1,0,0,0,0
ISIC_0000258.jpg,0,0,0,0,1,0,0,0,0
ISIC_0000419.jpg,0,0,0,0,1,0,0,0,0
ISIC_0000344.jpg,0,0,0,0,1,0,0,0,0
ISIC_0000229.jpg,0,0,0,0,1,0,0,0,0
ISIC_0026984.jpg,0,0,0,0,1,0,0,0,0
ISIC_0000544.jpg,0,0,0,0,1,0,0,0,0
ISIC_0000329.jpg,0,0,0,0,1,0,0,0,0
ISIC_0000042.jpg,0,0,0,0,1,0,0,0,0
ISIC_0000250.jpg,0,0,0,0,1,0,0,0,0
ISIC_0000464.jpg,0,0,0,0,1,0,0,0,0
ISIC_0000330.jpg,0,0,0,0,1,0,0,0,0
ISIC_0027562.jpg,0,0,0,0,1,0,0,0,0
ISIC_0000452.jpg,0,0,0,0,1,0,0,0,0
ISIC_0027829.jpg,0,0,0,0,1,0,0,0,0
ISIC_0000514.jpg,0,0,0,0,1,0,0,0,0
ISIC_0000338.jpg,0,0,0,0,1,0,0,0,0
ISIC_0026709.jpg,0,0,0,0,1,0,0,0,0
ISIC_0000267.jpg,0,0,0,0,1,0,0,0,0
ISIC_0000512.jpg,0,0,0,0,1,0,0,0,0
ISIC_0000039.jpg,0,0,0,0,1,0,0,0,0
ISIC_0000235.jpg,0,0,0,0,1,0,0,0,0
ISIC_0000238.jpg,0,0,0,0,1,0,0,0,0
ISIC_0000366.jpg,0,0,0,0,1,0,0,0,0
ISIC_0029025.jpg,0,0,0,0,1,0,0,0,0
ISIC_0000091.jpg,0,0,0,0,1,0,0,0,0
ISIC_0000342.jpg,0,0,0,0,1,0,0,0,0
ISIC_0000260.jpg,0,0,0,0,1,0,0,0,0
ISIC_0000523.jpg,0,0,0,0,1,0,0,0,0
ISIC_0000460.jpg,0,0,0,0,1,0,0,0,0
ISIC_0000023.jpg,0,0,0,0,1,0,0,0,0
ISIC_0010512.jpg,0,0,0,0,1,0,0,0,0
ISIC_0000236.jpg,0,0,0,0,1,0,0,0,0
ISIC_0000465.jpg,0,0,0,0,1,0,0,0,0
ISIC_0000524.jpg,0,0,0,0,1,0,0,0,0
ISIC_0024763.jpg,0,0,0,0,1,0,0,0,0
ISIC_0000485.jpg,0,0,0,0,1,0,0,0,0
ISIC_0000486.jpg,0,0,0,0,1,0,0,0,0
ISIC_0026525.jpg,0,0,0,0,1,0,0,0,0
ISIC_0000385.jpg,0,0,0,0,1,0,0,0,0
ISIC_0000493.jpg,0,0,0,0,1,0,0,0,0
ISIC_0000433.jpg,0,0,0,0,1,0,0,0,0
ISIC_0025605.jpg,0,0,0,0,1,0,0,0,0
ISIC_0000363.jpg,0,0,0,0,1,0,0,0,0
ISIC_0000259.jpg,0,0,0,0,1,0,0,0,0
ISIC_0026040.jpg,0,0,0,0,1,0,0,0,0
ISIC_0000037.jpg,0,0,0,0,1,0,0,0,0
ISIC_0000320.jpg,0,0,0,0,1,0,0,0,0
ISIC_0000426.jpg,0,0,0,0,1,0,0,0,0
ISIC_0000315.jpg,0,0,0,0,1,0,0,0,0
ISIC_0000346.jpg,0,0,0,0,1,0,0,0,0
ISIC_0000425.jpg,0,0,0,0,1,0,0,0,0
ISIC_0000082.jpg,0,0,0,0,1,0,0,0,0
ISIC_0000063.jpg,0,0,0,0,1,0,0,0,0
ISIC_0000093.jpg,0,0,0,0,1,0,0,0,0
ISIC_0000386.jpg,0,0,0,0,1,0,0,0,0
ISIC_0000458.jpg,0,0,0,0,1,0,0,0,0
ISIC_0000471.jpg,0,0,0,0,1,0,0,0,0
ISIC_0000347.jpg,0,0,0,0,1,0,0,0,0
ISIC_0000372.jpg,0,0,0,0,1,0,0,0,0
ISIC_0000324.jpg,0,0,0,0,1,0,0,0,0
ISIC_0026848.jpg,0,0,0,0,1,0,0,0,0
ISIC_0000243.jpg,0,0,0,0,1,0,0,0,0
ISIC_0000510.jpg,0,0,0,0,1,0,0,0,0
ISIC_0000383.jpg,0,0,0,0,1,0,0,0,0
ISIC_0027896.jpg,0,0,0,0,1,0,0,0,0
ISIC_0000362.jpg,0,0,0,0,1,0,0,0,0
ISIC_0000220.jpg,0,0,0,0,1,0,0,0,0
ISIC_0000542.jpg,0,0,0,0,1,0,0,0,0
ISIC_0000322.jpg,0,0,0,0,1,0,0,0,0
ISIC_0000370.jpg,0,0,0,0,1,0,0,0,0
ISIC_0000515.jpg,0,0,0,0,1,0,0,0,0
ISIC_0000050.jpg,0,0,0,0,1,0,0,0,0
ISIC_0000389.jpg,0,0,0,0,1,0,0,0,0
ISIC_0000503.jpg,0,0,0,0,1,0,0,0,0
ISIC_0000325.jpg,0,0,0,0,1,0,0,0,0
ISIC_0000365.jpg,0,0,0,0,1,0,0,0,0
ISIC_0000380.jpg,0,0,0,0,1,0,0,0,0
ISIC_0000067.jpg,0,0,0,0,1,0,0,0,0
ISIC_0028558.jpg,0,0,0,0,1,0,0,0,0
ISIC_0028854.jpg,0,0,0,0,1,0,0,0,0
ISIC_0027334.jpg,0,0,0,0,1,0,0,0,0
ISIC_0000375.jpg,0,0,0,0,1,0,0,0,0
ISIC_0000088.jpg,0,0,0,0,1,0,0,0,0
ISIC_0024646.jpg,0,0,0,0,1,0,0,0,0
ISIC_0025780.jpg,0,0,0,0,1,0,0,0,0
ISIC_0000237.jpg,0,0,0,0,1,0,0,0,0
ISIC_0000556.jpg,0,0,0,0,1,0,0,0,0
ISIC_0000083.jpg,0,0,0,0,1,0,0,0,0
ISIC_0000536.jpg,0,0,0,0,1,0,0,0,0
ISIC_0000528.jpg,0,0,0,0,1,0,0,0,0
ISIC_0000336.jpg,0,0,0,0,1,0,0,0,0
ISIC_0025825.jpg,0,0,0,0,1,0,0,0,0
ISIC_0000396.jpg,0,0,0,0,1,0,0,0,0
ISIC_0000351.jpg,0,0,0,0,1,0,0,0,0
ISIC_0000032.jpg,0,0,0,0,1,0,0,0,0
ISIC_0000034.jpg,0,0,0,0,1,0,0,0,0
ISIC_0000348.jpg,0,0,0,0,1,0,0,0,0
ISIC_0026212.jpg,0,0,0,0,1,0,0,0,0
ISIC_0000234.jpg,0,0,0,0,1,0,0,0,0
ISIC_0025953.jpg,0,0,0,0,1,0,0,0,0
ISIC_0000397.jpg,0,0,0,0,1,0,0,0,0
ISIC_0000492.jpg,0,0,0,0,1,0,0,0,0
ISIC_0000501.jpg,0,0,0,0,1,0,0,0,0
ISIC_0000435.jpg,0,0,0,0,1,0,0,0,0
ISIC_0000467.jpg,0,0,0,0,1,0,0,0,0
ISIC_0000027.jpg,0,0,0,0,1,0,0,0,0
ISIC_0000087.jpg,0,0,0,0,1,0,0,0,0
ISIC_0025368.jpg,0,0,0,0,1,0,0,0,0
ISIC_0000537.jpg,0,0,0,0,1,0,0,0,0
ISIC_0026702.jpg,0,0,0,0,1,0,0,0,0
ISIC_0000335.jpg,0,0,0,0,1,0,0,0,0
ISIC_0000443.jpg,0,0,0,0,1,0,0,0,0
ISIC_0000449.jpg,0,0,0,0,1,0,0,0,0
ISIC_0000271.jpg,0,0,0,0,1,0,0,0,0
ISIC_0000097.jpg,0,0,0,0,1,0,0,0,0
ISIC_0000239.jpg,0,0,0,0,1,0,0,0,0
ISIC_0000371.jpg,0,0,0,0,1,0,0,0,0
ISIC_0025427.jpg,0,0,0,0,1,0,0,0,0
ISIC_0000033.jpg,0,0,0,0,1,0,0,0,0
ISIC_0000099.jpg,0,0,0,0,1,0,0,0,0
ISIC_0000403.jpg,0,0,0,0,1,0,0,0,0
ISIC_0028517.jpg,0,0,0,0,1,0,0,0,0
ISIC_0000354.jpg,0,0,0,0,1,0,0,0,0
ISIC_0000081.jpg,0,0,0,0,1,0,0,0,0
ISIC_0028314.jpg,0,0,0,0,1,0,0,0,0
ISIC_0000332.jpg,0,0,0,0,1,0,0,0,0
ISIC_0029460.jpg,0,0,0,0,1,0,0,0,0
ISIC_0000500.jpg,0,0,0,0,1,0,0,0,0
ISIC_0027615.jpg,0,0,0,0,1,0,0,0,0
ISIC_0000451.jpg,0,0,0,0,1,0,0,0,0
ISIC_0000086.jpg,0,0,0,0,1,0,0,0,0
ISIC_0000479.jpg,0,0,0,0,1,0,0,0,0
ISIC_0000241.jpg,0,0,0,0,1,0,0,0,0
ISIC_0000489.jpg,0,0,0,0,1,0,0,0,0
ISIC_0000085.jpg,0,0,0,0,1,0,0,0,0
ISIC_0027802.jpg,0,0,0,0,1,0,0,0,0
ISIC_0000224.jpg,0,0,0,0,1,0,0,0,0
ISIC_0026729.jpg,0,0,0,0,1,0,0,0,0
ISIC_0000499.jpg,0,0,0,0,1,0,0,0,0
ISIC_0026457.jpg,0,0,0,0,1,0,0,0,0
ISIC_0000424.jpg,0,0,0,0,1,0,0,0,0
ISIC_0000060.jpg,0,0,0,0,1,0,0,0,0
ISIC_0027958.jpg,0,0,0,0,1,0,0,0,0
ISIC_0000058.jpg,0,0,0,0,1,0,0,0,0
ISIC_0029141.jpg,0,0,0,0,1,0,0,0,0
ISIC_0000506.jpg,0,0,0,0,1,0,0,0,0
ISIC_0000053.jpg,0,0,0,0,1,0,0,0,0
ISIC_0000353.jpg,0,0,0,0,1,0,0,0,0
ISIC_0027536.jpg,0,0,0,0,1,0,0,0,0
ISIC_0000089.jpg,0,0,0,0,1,0,0,0,0
ISIC_0000364.jpg,0,0,0,0,1,0,0,0,0
ISIC_0000494.jpg,0,0,0,0,1,0,0,0,0
ISIC_0000319.jpg,0,0,0,0,1,0,0,0,0
ISIC_0000225.jpg,0,0,0,0,1,0,0,0,0
ISIC_0000472.jpg,0,0,0,0,1,0,0,0,0
ISIC_0024707.jpg,0,0,0,0,1,0,0,0,0
ISIC_0027884.jpg,0,0,0,0,1,0,0,0,0
ISIC_0000491.jpg,0,0,0,0,1,0,0,0,0
ISIC_0026171.jpg,0,0,0,0,1,0,0,0,0
ISIC_0000272.jpg,0,0,0,0,1,0,0,0,0
ISIC_0000062.jpg,0,0,0,0,1,0,0,0,0
ISIC_0000066.jpg,0,0,0,0,1,0,0,0,0
ISIC_0000316.jpg,0,0,0,0,1,0,0,0,0
ISIC_0000226.jpg,0,0,0,0,1,0,0,0,0
ISIC_0000376.jpg,0,0,0,0,1,0,0,0,0
ISIC_0000355.jpg,0,0,0,0,1,0,0,0,0
ISIC_0000038.jpg,0,0,0,0,1,0,0,0,0
ISIC_0000535.jpg,0,0,0,0,1,0,0,0,0
ISIC_0000263.jpg,0,0,0,0,1,0,0,0,0
ISIC_0028820.jpg,0,0,0,0,1,0,0,0,0
ISIC_0000327.jpg,0,0,0,0,1,0,0,0,0
ISIC_0027447.jpg,0,0,0,0,1,0,0,0,0
ISIC_0000092.jpg,0,0,0,0,1,0,0,0,0
ISIC_0000231.jpg,0,0,0,0,1,0,0,0,0
ISIC_0026650.jpg,0,0,0,0,1,0,0,0,0
ISIC_0000488.jpg,0,0,0,0,1,0,0,0,0
ISIC_0026625.jpg,0,0,0,0,1,0,0,0,0
ISIC_0000368.jpg,0,0,0,0,1,0,0,0,0
ISIC_0028063.jpg,0,0,0,0,1,0,0,0,0
ISIC_0026905.jpg,0,0,0,0,1,0,0,0,0
ISIC_0000381.jpg,0,0,0,0,1,0,0,0,0
ISIC_0000495.jpg,0,0,0,0,1,0,0,0,0
ISIC_0000507.jpg,0,0,0,0,1,0,0,0,0
ISIC_0027668.jpg,0,0,0,0,1,0,0,0,0
ISIC_0026857.jpg,0,0,0,0,1,0,0,0,0
ISIC_0024470.jpg,0,0,0,0,1,0,0,0,0
ISIC_0000349.jpg,0,0,0,0,1,0,0,0,0
ISIC_0000357.jpg,0,0,0,0,1,0,0,0,0
ISIC_0000028.jpg,0,0,0,0,1,0,0,0,0
ISIC_0000361.jpg,0,0,0,0,1,0,0,0,0
ISIC_0028619.jpg,0,0,0,0,1,0,0,0,0
ISIC_0026575.jpg,0,0,0,0,1,0,0,0,0
ISIC_0000468.jpg,0,0,0,0,1,0,0,0,0
ISIC_0000373.jpg,0,0,0,0,1,0,0,0,0
ISIC_0000476.jpg,0,0,0,0,1,0,0,0,0
ISIC_0000268.jpg,0,0,0,0,1,0,0,0,0
ISIC_0000256.jpg,0,0,0,0,1,0,0,0,0
ISIC_0000228.jpg,0,0,0,0,1,0,0,0,0
ISIC_0000418.jpg,0,0,0,0,1,0,0,0,0
ISIC_0026149.jpg,0,0,0,0,1,0,0,0,0
ISIC_0000265.jpg,0,0,0,0,1,0,0,0,0
ISIC_0000508.jpg,0,0,0,0,1,0,0,0,0
ISIC_0000047.jpg,0,0,0,0,1,0,0,0,0
ISIC_0000530.jpg,0,0,0,0,1,0,0,0,0
ISIC_0025957.jpg,0,0,0,0,1,0,0,0,0
ISIC_0000051.jpg,0,0,0,0,1,0,0,0,0
ISIC_0000358.jpg,0,0,0,0,1,0,0,0,0
ISIC_0000455.jpg,0,0,0,0,1,0,0,0,0
ISIC_0026947.jpg,0,0,0,0,0,1,0,0,0
ISIC_0026867.jpg,0,0,0,0,0,1,0,0,0
ISIC_0024910.jpg,0,0,0,0,0,1,0,0,0
ISIC_0025515.jpg,0,0,0,0,0,1,0,0,0
ISIC_0028640.jpg,0,0,0,0,0,1,0,0,0
ISIC_0027820.jpg,0,0,0,0,0,1,0,0,0
ISIC_0025066.jpg,0,0,0,0,0,1,0,0,0
ISIC_0027053.jpg,0,0,0,0,0,1,0,0,0
ISIC_0028100.jpg,0,0,0,0,0,1,0,0,0
ISIC_0026835.jpg,0,0,0,0,0,1,0,0,0
ISIC_0026016.jpg,0,0,0,0,0,1,0,0,0
ISIC_0025507.jpg,0,0,0,0,0,1,0,0,0
ISIC_0027470.jpg,0,0,0,0,0,1,0,0,0
ISIC_0027953.jpg,0,0,0,0,0,1,0,0,0
ISIC_0025292.jpg,0,0,0,0,0,1,0,0,0
ISIC_0027419.jpg,0,0,0,0,0,1,0,0,0
ISIC_0028120.jpg,0,0,0,0,0,1,0,0,0
ISIC_0028052.jpg,0,0,0,0,0,1,0,0,0
ISIC_0025086.jpg,0,0,0,0,0,1,0,0,0
ISIC_0028354.jpg,0,0,0,0,0,1,0,0,0
ISIC_0024612.jpg,0,0,0,0,0,1,0,0,0
ISIC_0025064.jpg,0,0,0,0,0,1,0,0,0
ISIC_0024711.jpg,0,0,0,0,0,1,0,0,0
ISIC_0024435.jpg,0,0,0,0,0,1,0,0,0
ISIC_0027139.jpg,0,0,0,0,0,1,0,0,0
ISIC_0028094.jpg,0,0,0,0,0,1,0,0,0
ISIC_0024814.jpg,0,0,0,0,0,1,0,0,0
ISIC_0024782.jpg,0,0,0,0,0,1,0,0,0
ISIC_0026477.jpg,0,0,0,0,0,1,0,0,0
ISIC_0026072.jpg,0,0,0,0,0,1,0,0,0
ISIC_0028347.jpg,0,0,0,0,0,1,0,0,0
ISIC_0027796.jpg,0,0,0,0,0,1,0,0,0
ISIC_0025851.jpg,0,0,0,0,0,1,0,0,0
ISIC_0025567.jpg,0,0,0,0,0,1,0,0,0
ISIC_0025693.jpg,0,0,0,0,0,1,0,0,0
ISIC_0027287.jpg,0,0,0,0,0,1,0,0,0
ISIC_0024915.jpg,0,0,0,0,0,1,0,0,0
ISIC_0026959.jpg,0,0,0,0,0,1,0,0,0
ISIC_0027513.jpg,0,0,0,0,0,1,0,0,0
ISIC_0027435.jpg,0,0,0,0,0,1,0,0,0
ISIC_0025856.jpg,0,0,0,0,0,1,0,0,0
ISIC_0027428.jpg,0,0,0,0,0,1,0,0,0
ISIC_0027068.jpg,0,0,0,0,0,1,0,0,0
ISIC_0026842.jpg,0,0,0,0,0,1,0,0,0
ISIC_0027527.jpg,0,0,0,0,0,1,0,0,0
ISIC_0027027.jpg,0,0,0,0,0,1,0,0,0
ISIC_0028611.jpg,0,0,0,0,0,1,0,0,0
ISIC_0024740.jpg,0,0,0,0,0,1,0,0,0
ISIC_0028525.jpg,0,0,0,0,0,1,0,0,0
ISIC_0025928.jpg,0,0,0,0,0,1,0,0,0
ISIC_0025781.jpg,0,0,0,0,0,1,0,0,0
ISIC_0024880.jpg,0,0,0,0,0,1,0,0,0
ISIC_0027781.jpg,0,0,0,0,0,1,0,0,0
ISIC_0026351.jpg,0,0,0,0,0,1,0,0,0
ISIC_0026263.jpg,0,0,0,0,0,1,0,0,0
ISIC_0024477.jpg,0,0,0,0,0,1,0,0,0
ISIC_0027332.jpg,0,0,0,0,0,1,0,0,0
ISIC_0025583.jpg,0,0,0,0,0,1,0,0,0
ISIC_0027463.jpg,0,0,0,0,0,1,0,0,0
ISIC_0027606.jpg,0,0,0,0,0,1,0,0,0
ISIC_0026637.jpg,0,0,0,0,0,1,0,0,0
ISIC_0025330.jpg,0,0,0,0,0,1,0,0,0
ISIC_0027811.jpg,0,0,0,0,0,1,0,0,0
ISIC_0028414.jpg,0,0,0,0,0,1,0,0,0
ISIC_0027239.jpg,0,0,0,0,0,1,0,0,0
ISIC_0027780.jpg,0,0,0,0,0,1,0,0,0
ISIC_0025286.jpg,0,0,0,0,0,1,0,0,0
ISIC_0026335.jpg,0,0,0,0,0,1,0,0,0
ISIC_0026042.jpg,0,0,0,0,0,1,0,0,0
ISIC_0026018.jpg,0,0,0,0,0,1,0,0,0
ISIC_0024890.jpg,0,0,0,0,0,1,0,0,0
ISIC_0026614.jpg,0,0,0,0,0,1,0,0,0
ISIC_0026714.jpg,0,0,0,0,0,1,0,0,0
ISIC_0026679.jpg,0,0,0,0,0,1,0,0,0
ISIC_0026607.jpg,0,0,0,0,0,1,0,0,0
ISIC_0025040.jpg,0,0,0,0,0,1,0,0,0
ISIC_0026967.jpg,0,0,0,0,0,1,0,0,0
ISIC_0028389.jpg,0,0,0,0,0,1,0,0,0
ISIC_0026846.jpg,0,0,0,0,0,1,0,0,0
ISIC_0027739.jpg,0,0,0,0,0,1,0,0,0
ISIC_0028343.jpg,0,0,0,0,0,1,0,0,0
ISIC_0027018.jpg,0,0,0,0,0,1,0,0,0
ISIC_0027392.jpg,0,0,0,0,0,1,0,0,0
ISIC_0025068.jpg,0,0,0,0,0,1,0,0,0
ISIC_0026085.jpg,0,0,0,0,0,1,0,0,0
ISIC_0026532.jpg,0,0,0,0,0,1,0,0,0
ISIC_0025431.jpg,0,0,0,0,0,1,0,0,0
ISIC_0025753.jpg,0,0,0,0,0,1,0,0,0
ISIC_0027451.jpg,0,0,0,0,0,1,0,0,0
ISIC_0026044.jpg,0,0,0,0,0,1,0,0,0
ISIC_0025345.jpg,0,0,0,0,0,1,0,0,0
ISIC_0025716.jpg,0,0,0,0,0,1,0,0,0
ISIC_0027737.jpg,0,0,0,0,0,1,0,0,0
ISIC_0024871.jpg,0,0,0,0,0,1,0,0,0
ISIC_0027954.jpg,0,0,0,0,0,1,0,0,0
ISIC_0024643.jpg,0,0,0,0,0,1,0,0,0
ISIC_0025642.jpg,0,0,0,0,0,1,0,0,0
ISIC_0024505.jpg,0,0,0,0,0,1,0,0,0
ISIC_0026704.jpg,0,0,0,0,0,1,0,0,0
ISIC_0026046.jpg,0,0,0,0,0,1,0,0,0
ISIC_0025484.jpg,0,0,0,0,0,1,0,0,0
ISIC_0028503.jpg,0,0,0,0,0,1,0,0,0
ISIC_0026422.jpg,0,0,0,0,0,1,0,0,0
ISIC_0027041.jpg,0,0,0,0,0,1,0,0,0
ISIC_0028331.jpg,0,0,0,0,0,1,0,0,0
ISIC_0025140.jpg,0,0,0,0,0,1,0,0,0
ISIC_0028020.jpg,0,0,0,0,0,1,0,0,0
ISIC_0028180.jpg,0,0,0,0,0,1,0,0,0
ISIC_0027996.jpg,0,0,0,0,0,1,0,0,0
ISIC_0025103.jpg,0,0,0,0,0,1,0,0,0
ISIC_0026790.jpg,0,0,0,0,0,1,0,0,0
ISIC_0026631.jpg,0,0,0,0,0,1,0,0,0
ISIC_0025799.jpg,0,0,0,0,0,1,0,0,0
ISIC_0026955.jpg,0,0,0,0,0,1,0,0,0
ISIC_0028080.jpg,0,0,0,0,0,1,0,0,0
ISIC_0024839.jpg,0,0,0,0,0,1,0,0,0
ISIC_0026104.jpg,0,0,0,0,0,1,0,0,0
ISIC_0028449.jpg,0,0,0,0,0,1,0,0,0
ISIC_0027202.jpg,0,0,0,0,0,1,0,0,0
ISIC_0028656.jpg,0,0,0,0,0,1,0,0,0
ISIC_0026135.jpg,0,0,0,0,0,1,0,0,0
ISIC_0027859.jpg,0,0,0,0,0,1,0,0,0
ISIC_0027151.jpg,0,0,0,0,0,1,0,0,0
ISIC_0025209.jpg,0,0,0,0,0,1,0,0,0
ISIC_0026493.jpg,0,0,0,0,0,1,0,0,0
ISIC_0025131.jpg,0,0,0,0,0,1,0,0,0
ISIC_0025113.jpg,0,0,0,0,0,1,0,0,0
ISIC_0025746.jpg,0,0,0,0,0,1,0,0,0
ISIC_0027989.jpg,0,0,0,0,0,1,0,0,0
ISIC_0025810.jpg,0,0,0,0,0,1,0,0,0
ISIC_0026378.jpg,0,0,0,0,0,1,0,0,0
ISIC_0025374.jpg,0,0,0,0,0,1,0,0,0
ISIC_0025276.jpg,0,0,0,0,0,1,0,0,0
ISIC_0027192.jpg,0,0,0,0,0,1,0,0,0
ISIC_0025939.jpg,0,0,0,0,0,1,0,0,0
ISIC_0024773.jpg,0,0,0,0,0,1,0,0,0
ISIC_0027310.jpg,0,0,0,0,0,1,0,0,0
ISIC_0024490.jpg,0,0,0,0,0,1,0,0,0
ISIC_0024626.jpg,0,0,0,0,0,1,0,0,0
ISIC_0024943.jpg,0,0,0,0,0,1,0,0,0
ISIC_0026923.jpg,0,0,0,0,0,1,0,0,0
ISIC_0026301.jpg,0,0,0,0,0,1,0,0,0
ISIC_0028236.jpg,0,0,0,0,0,1,0,0,0
ISIC_0025937.jpg,0,0,0,0,0,1,0,0,0
ISIC_0025984.jpg,0,0,0,0,0,1,0,0,0
ISIC_0028451.jpg,0,0,0,0,0,1,0,0,0
ISIC_0026524.jpg,0,0,0,0,0,1,0,0,0
ISIC_0028237.jpg,0,0,0,0,0,1,0,0,0
ISIC_0026511.jpg,0,0,0,0,0,1,0,0,0
ISIC_0027344.jpg,0,0,0,0,0,1,0,0,0
ISIC_0026446.jpg,0,0,0,0,0,1,0,0,0
ISIC_0025659.jpg,0,0,0,0,0,1,0,0,0
ISIC_0025376.jpg,0,0,0,0,0,1,0,0,0
ISIC_0026139.jpg,0,0,0,0,0,1,0,0,0
ISIC_0025454.jpg,0,0,0,0,0,1,0,0,0
ISIC_0026539.jpg,0,0,0,0,0,1,0,0,0
ISIC_0027806.jpg,0,0,0,0,0,1,0,0,0
ISIC_0027006.jpg,0,0,0,0,0,1,0,0,0
ISIC_0025805.jpg,0,0,0,0,0,1,0,0,0
ISIC_0026443.jpg,0,0,0,0,0,1,0,0,0
ISIC_0025548.jpg,0,0,0,0,0,1,0,0,0
ISIC_0028473.jpg,0,0,0,0,0,1,0,0,0
ISIC_0027680.jpg,0,0,0,0,0,1,0,0,0
ISIC_0025529.jpg,0,0,0,0,0,1,0,0,0
ISIC_0028165.jpg,0,0,0,0,0,1,0,0,0
ISIC_0028555.jpg,0,0,0,0,0,1,0,0,0
ISIC_0028104.jpg,0,0,0,0,0,1,0,0,0
ISIC_0028336.jpg,0,0,0,0,0,1,0,0,0
ISIC_0026316.jpg,0,0,0,0,0,1,0,0,0
ISIC_0027875.jpg,0,0,0,0,0,1,0,0,0
ISIC_0027355.jpg,0,0,0,0,0,1,0,0,0
ISIC_0026248.jpg,0,0,0,0,0,1,0,0,0
ISIC_0027969.jpg,0,0,0,0,0,1,0,0,0
ISIC_0026907.jpg,0,0,0,0,0,1,0,0,0
ISIC_0026277.jpg,0,0,0,0,0,1,0,0,0
ISIC_0025874.jpg,0,0,0,0,0,1,0,0,0
ISIC_0024971.jpg,0,0,0,0,0,1,0,0,0
ISIC_0028490.jpg,0,0,0,0,0,1,0,0,0
ISIC_0026311.jpg,0,0,0,0,0,1,0,0,0
ISIC_0024672.jpg,0,0,0,0,0,1,0,0,0
ISIC_0027270.jpg,0,0,0,0,0,1,0,0,0
ISIC_0024547.jpg,0,0,0,0,0,1,0,0,0
ISIC_0026728.jpg,0,0,0,0,0,1,0,0,0
ISIC_0026298.jpg,0,0,0,0,0,1,0,0,0
ISIC_0027649.jpg,0,0,0,0,0,1,0,0,0
ISIC_0025661.jpg,0,0,0,0,0,1,0,0,0
ISIC_0024851.jpg,0,0,0,0,0,1,0,0,0
ISIC_0026737.jpg,0,0,0,0,0,1,0,0,0
ISIC_0028201.jpg,0,0,0,0,0,1,0,0,0
ISIC_0025703.jpg,0,0,0,0,0,1,0,0,0
ISIC_0026153.jpg,0,0,0,0,0,1,0,0,0
ISIC_0026556.jpg,0,0,0,0,0,1,0,0,0
ISIC_0028560.jpg,0,0,0,0,0,1,0,0,0
ISIC_0027162.jpg,0,0,0,0,0,1,0,0,0
ISIC_0026142.jpg,0,0,0,0,0,1,0,0,0
ISIC_0024850.jpg,0,0,0,0,0,1,0,0,0
ISIC_0025743.jpg,0,0,0,0,0,1,0,0,0
ISIC_0027801.jpg,0,0,0,0,0,1,0,0,0
ISIC_0025063.jpg,0,0,0,0,0,1,0,0,0
ISIC_0025038.jpg,0,0,0,0,0,1,0,0,0
ISIC_0026775.jpg,0,0,0,0,0,1,0,0,0
ISIC_0025465.jpg,0,0,0,0,0,1,0,0,0
ISIC_0025083.jpg,0,0,0,0,0,1,0,0,0
ISIC_0025075.jpg,0,0,0,0,0,1,0,0,0
ISIC_0028294.jpg,0,0,0,0,0,1,0,0,0
ISIC_0025005.jpg,0,0,0,0,0,1,0,0,0
ISIC_0026538.jpg,0,0,0,0,0,1,0,0,0
ISIC_0026912.jpg,0,0,0,0,0,1,0,0,0
ISIC_0025915.jpg,0,0,0,0,0,1,0,0,0
ISIC_0026523.jpg,0,0,0,0,0,1,0,0,0
ISIC_0026644.jpg,0,0,0,0,0,1,0,0,0
ISIC_0026416.jpg,0,0,0,0,0,1,0,0,0
ISIC_0025758.jpg,0,0,0,0,0,1,0,0,0
ISIC_0025986.jpg,0,0,0,0,0,1,0,0,0
ISIC_0024760.jpg,0,0,0,0,0,1,0,0,0
ISIC_0027370.jpg,0,0,0,0,0,1,0,0,0
ISIC_0028121.jpg,0,0,0,0,0,1,0,0,0
ISIC_0026623.jpg,0,0,0,0,0,1,0,0,0
ISIC_0026844.jpg,0,0,0,0,0,1,0,0,0
ISIC_0026015.jpg,0,0,0,0,0,1,0,0,0
ISIC_0028229.jpg,0,0,0,0,0,1,0,0,0
ISIC_0026961.jpg,0,0,0,0,0,1,0,0,0
ISIC_0028223.jpg,0,0,0,0,0,1,0,0,0
ISIC_0024825.jpg,0,0,0,0,0,1,0,0,0
ISIC_0026441.jpg,0,0,0,0,0,1,0,0,0
ISIC_0027025.jpg,0,0,0,0,0,1,0,0,0
ISIC_0027509.jpg,0,0,0,0,0,1,0,0,0
ISIC_0025378.jpg,0,0,0,0,0,1,0,0,0
ISIC_0025885.jpg,0,0,0,0,0,1,0,0,0
ISIC_0028043.jpg,0,0,0,0,0,1,0,0,0
ISIC_0027991.jpg,0,0,0,0,0,1,0,0,0
ISIC_0026675.jpg,0,0,0,0,0,1,0,0,0
ISIC_0025030.jpg,0,0,0,0,0,1,0,0,0
ISIC_0024774.jpg,0,0,0,0,0,1,0,0,0
ISIC_0025842.jpg,0,0,0,0,0,1,0,0,0
ISIC_0026444.jpg,0,0,0,0,0,1,0,0,0
ISIC_0025906.jpg,0,0,0,0,0,1,0,0,0
ISIC_0026849.jpg,0,0,0,0,0,1,0,0,0
ISIC_0025297.jpg,0,0,0,0,0,1,0,0,0
ISIC_0028233.jpg,0,0,0,0,0,1,0,0,0
ISIC_0026205.jpg,0,0,0,0,0,1,0,0,0
ISIC_0026787.jpg,0,0,0,0,0,1,0,0,0
ISIC_0025656.jpg,0,0,0,0,0,1,0,0,0
ISIC_0026159.jpg,0,0,0,0,0,1,0,0,0
ISIC_0027893.jpg,0,0,0,0,0,1,0,0,0
ISIC_0026286.jpg,0,0,0,0,0,1,0,0,0
ISIC_0027275.jpg,0,0,0,0,0,1,0,0,0
ISIC_0026174.jpg,0,0,0,0,0,1,0,0,0
ISIC_0027023.jpg,0,0,0,0,0,1,0,0,0
ISIC_0025339.jpg,0,0,0,0,0,1,0,0,0
ISIC_0026576.jpg,0,0,0,0,0,1,0,0,0
ISIC_0024471.jpg,0,0,0,0,0,1,0,0,0
ISIC_0026530.jpg,0,0,0,0,0,1,0,0,0
ISIC_0025099.jpg,0,0,0,0,0,1,0,0,0
ISIC_0028497.jpg,0,0,0,0,0,1,0,0,0
ISIC_0027394.jpg,0,0,0,0,0,1,0,0,0
ISIC_0026958.jpg,0,0,0,0,0,1,0,0,0
ISIC_0026827.jpg,0,0,0,0,0,1,0,0,0
ISIC_0028308.jpg,0,0,0,0,0,1,0,0,0
ISIC_0025510.jpg,0,0,0,0,0,1,0,0,0
ISIC_0027760.jpg,0,0,0,0,0,1,0,0,0
ISIC_0026290.jpg,0,0,0,0,0,1,0,0,0
ISIC_0027960.jpg,0,0,0,0,0,1,0,0,0
ISIC_0026803.jpg,0,0,0,0,0,1,0,0,0
ISIC_0026245.jpg,0,0,0,0,0,1,0,0,0
ISIC_0026590.jpg,0,0,0,0,0,1,0,0,0
ISIC_0027437.jpg,0,0,0,0,0,1,0,0,0
ISIC_0027770.jpg,0,0,0,0,0,1,0,0,0
ISIC_0026634.jpg,0,0,0,0,0,1,0,0,0
ISIC_0027771.jpg,0,0,0,0,0,1,0,0,0
ISIC_0028623.jpg,0,0,0,0,0,1,0,0,0
ISIC_0024602.jpg,0,0,0,0,0,1,0,0,0
ISIC_0024498.jpg,0,0,0,0,0,1,0,0,0
ISIC_0027754.jpg,0,0,0,0,0,1,0,0,0
ISIC_0027335.jpg,0,0,0,0,0,1,0,0,0
ISIC_0025076.jpg,0,0,0,0,0,1,0,0,0
ISIC_0027374.jpg,0,0,0,0,0,1,0,0,0
ISIC_0028124.jpg,0,0,0,0,0,1,0,0,0
ISIC_0026365.jpg,0,0,0,0,0,1,0,0,0
ISIC_0027083.jpg,0,0,0,0,0,1,0,0,0
ISIC_0028650.jpg,0,0,0,0,0,1,0,0,0
ISIC_0025389.jpg,0,0,0,0,0,1,0,0,0
ISIC_0027326.jpg,0,0,0,0,0,1,0,0,0
ISIC_0025032.jpg,0,0,0,0,0,1,0,0,0
ISIC_0027218.jpg,0,0,0,0,0,1,0,0,0
ISIC_0028587.jpg,0,0,0,0,0,1,0,0,0
ISIC_0024877.jpg,0,0,0,0,0,1,0,0,0
ISIC_0025837.jpg,0,0,0,0,0,1,0,0,0
ISIC_0026941.jpg,0,0,0,0,0,1,0,0,0
ISIC_0025867.jpg,0,0,0,0,0,1,0,0,0
ISIC_0024770.jpg,0,0,0,0,0,1,0,0,0
ISIC_0024981.jpg,0,0,0,0,0,1,0,0,0
ISIC_0027916.jpg,0,0,0,0,0,1,0,0,0
ISIC_0027533.jpg,0,0,0,0,0,1,0,0,0
ISIC_0024494.jpg,0,0,0,0,0,1,0,0,0
ISIC_0024453.jpg,0,0,0,0,0,1,0,0,0
ISIC_0028411.jpg,0,0,0,0,0,1,0,0,0
ISIC_0024446.jpg,0,0,0,0,0,1,0,0,0
ISIC_0026744.jpg,0,0,0,0,0,1,0,0,0
ISIC_0028593.jpg,0,0,0,0,0,1,0,0,0
ISIC_0025623.jpg,0,0,0,0,0,1,0,0,0
ISIC_0026069.jpg,0,0,0,0,0,1,0,0,0
ISIC_0027828.jpg,0,0,0,0,0,1,0,0,0
ISIC_0027826.jpg,0,0,0,0,0,1,0,0,0
ISIC_0024726.jpg,0,0,0,0,0,1,0,0,0
ISIC_0024592.jpg,0,0,0,0,0,1,0,0,0
ISIC_0028622.jpg,0,0,0,0,0,1,0,0,0
ISIC_0028662.jpg,0,0,0,0,0,1,0,0,0
ISIC_0024883.jpg,0,0,0,0,0,1,0,0,0
ISIC_0027982.jpg,0,0,0,0,0,1,0,0,0
ISIC_0025982.jpg,0,0,0,0,0,1,0,0,0
ISIC_0025876.jpg,0,0,0,0,0,1,0,0,0
ISIC_0025222.jpg,0,0,0,0,0,1,0,0,0
ISIC_0028404.jpg,0,0,0,0,0,1,0,0,0
ISIC_0024495.jpg,0,0,0,0,0,1,0,0,0
ISIC_0027167.jpg,0,0,0,0,0,1,0,0,0
ISIC_0026265.jpg,0,0,0,0,0,1,0,0,0
ISIC_0025199.jpg,0,0,0,0,0,1,0,0,0
ISIC_0027455.jpg,0,0,0,0,0,1,0,0,0
ISIC_0025654.jpg,0,0,0,0,0,1,0,0,0
ISIC_0028448.jpg,0,0,0,0,0,1,0,0,0
ISIC_0027320.jpg,0,0,0,0,0,1,0,0,0
ISIC_0025627.jpg,0,0,0,0,0,1,0,0,0
ISIC_0025033.jpg,0,0,0,0,0,1,0,0,0
ISIC_0028628.jpg,0,0,0,0,0,1,0,0,0
ISIC_0027504.jpg,0,0,0,0,0,1,0,0,0
ISIC_0027831.jpg,0,0,0,0,0,1,0,0,0
ISIC_0027094.jpg,0,0,0,0,0,1,0,0,0
ISIC_0027706.jpg,0,0,0,0,0,1,0,0,0
ISIC_0024772.jpg,0,0,0,0,0,1,0,0,0
ISIC_0025470.jpg,0,0,0,0,0,1,0,0,0
ISIC_0028123.jpg,0,0,0,0,0,1,0,0,0
ISIC_0027142.jpg,0,0,0,0,0,1,0,0,0
ISIC_0028646.jpg,0,0,0,0,0,1,0,0,0
ISIC_0027219.jpg,0,0,0,0,0,1,0,0,0
ISIC_0026663.jpg,0,0,0,0,0,1,0,0,0
ISIC_0024997.jpg,0,0,0,0,0,1,0,0,0
ISIC_0026861.jpg,0,0,0,0,0,1,0,0,0
ISIC_0025275.jpg,0,0,0,0,0,1,0,0,0
ISIC_0025016.jpg,0,0,0,0,0,1,0,0,0
ISIC_0025830.jpg,0,0,0,0,0,1,0,0,0
ISIC_0027295.jpg,0,0,0,0,0,1,0,0,0
ISIC_0024970.jpg,0,0,0,0,0,1,0,0,0
ISIC_0026280.jpg,0,0,0,0,0,1,0,0,0
ISIC_0026060.jpg,0,0,0,0,0,1,0,0,0
ISIC_0025879.jpg,0,0,0,0,0,1,0,0,0
ISIC_0026219.jpg,0,0,0,0,0,1,0,0,0
ISIC_0025337.jpg,0,0,0,0,0,1,0,0,0
ISIC_0027154.jpg,0,0,0,0,0,1,0,0,0
ISIC_0027710.jpg,0,0,0,0,0,1,0,0,0
ISIC_0025777.jpg,0,0,0,0,0,1,0,0,0
ISIC_0028209.jpg,0,0,0,0,0,1,0,0,0
ISIC_0026769.jpg,0,0,0,0,0,1,0,0,0
ISIC_0025434.jpg,0,0,0,0,0,1,0,0,0
ISIC_0028479.jpg,0,0,0,0,0,1,0,0,0
ISIC_0024696.jpg,0,0,0,0,0,1,0,0,0
ISIC_0024982.jpg,0,0,0,0,0,1,0,0,0
ISIC_0027037.jpg,0,0,0,0,0,1,0,0,0
ISIC_0025719.jpg,0,0,0,0,0,1,0,0,0
ISIC_0027559.jpg,0,0,0,0,0,1,0,0,0
ISIC_0026843.jpg,0,0,0,0,0,1,0,0,0
ISIC_0026276.jpg,0,0,0,0,0,1,0,0,0
ISIC_0024881.jpg,0,0,0,0,0,1,0,0,0
ISIC_0027957.jpg,0,0,0,0,0,1,0,0,0
ISIC_0027354.jpg,0,0,0,0,0,1,0,0,0
ISIC_0028376.jpg,0,0,0,0,0,1,0,0,0
ISIC_0028607.jpg,0,0,0,0,0,1,0,0,0
ISIC_0026567.jpg,0,0,0,0,0,1,0,0,0
ISIC_0025710.jpg,0,0,0,0,0,1,0,0,0
ISIC_0025419.jpg,0,0,0,0,0,1,0,0,0
ISIC_0027735.jpg,0,0,0,0,0,1,0,0,0
ISIC_0024489.jpg,0,0,0,0,0,1,0,0,0
ISIC_0026291.jpg,0,0,0,0,0,1,0,0,0
ISIC_0028615.jpg,0,0,0,0,0,1,0,0,0
ISIC_0026895.jpg,0,0,0,0,0,1,0,0,0
ISIC_0027194.jpg,0,0,0,0,0,1,0,0,0
ISIC_0027612.jpg,0,0,0,0,0,1,0,0,0
ISIC_0025180.jpg,0,0,0,0,0,1,0,0,0
ISIC_0027905.jpg,0,0,0,0,0,1,0,0,0
ISIC_0028386.jpg,0,0,0,0,0,1,0,0,0
ISIC_0026107.jpg,0,0,0,0,0,1,0,0,0
ISIC_0028496.jpg,0,0,0,0,0,1,0,0,0
ISIC_0027608.jpg,0,0,0,0,0,1,0,0,0
ISIC_0028550.jpg,0,0,0,0,0,1,0,0,0
ISIC_0024748.jpg,0,0,0,0,0,1,0,0,0
ISIC_0026273.jpg,0,0,0,0,0,1,0,0,0
ISIC_0027367.jpg,0,0,0,0,0,1,0,0,0
ISIC_0028200.jpg,0,0,0,0,0,1,0,0,0
ISIC_0025767.jpg,0,0,0,0,0,1,0,0,0
ISIC_0026661.jpg,0,0,0,0,0,1,0,0,0
ISIC_0025366.jpg,0,0,0,0,0,1,0,0,0
ISIC_0025388.jpg,0,0,0,0,0,1,0,0,0
ISIC_0027967.jpg,0,0,0,0,0,1,0,0,0
ISIC_0026526.jpg,0,0,0,0,0,1,0,0,0
ISIC_0027990.jpg,0,0,0,0,0,1,0,0,0
ISIC_0027017.jpg,0,0,0,0,0,1,0,0,0
ISIC_0027850.jpg,0,0,0,0,0,1,0,0,0
ISIC_0026606.jpg,0,0,0,0,0,1,0,0,0
ISIC_0024676.jpg,0,0,0,0,0,1,0,0,0
ISIC_0025312.jpg,0,0,0,0,0,1,0,0,0
ISIC_0024947.jpg,0,0,0,0,0,1,0,0,0
ISIC_0027279.jpg,0,0,0,0,0,1,0,0,0
ISIC_0027584.jpg,0,0,0,0,0,1,0,0,0
ISIC_0025526.jpg,0,0,0,0,0,1,0,0,0
ISIC_0024445.jpg,0,0,0,0,0,1,0,0,0
ISIC_0026794.jpg,0,0,0,0,0,1,0,0,0
ISIC_0024705.jpg,0,0,0,0,0,1,0,0,0
ISIC_0026409.jpg,0,0,0,0,0,1,0,0,0
ISIC_0024758.jpg,0,0,0,0,0,1,0,0,0
ISIC_0026717.jpg,0,0,0,0,0,1,0,0,0
ISIC_0027747.jpg,0,0,0,0,0,1,0,0,0
ISIC_0027713.jpg,0,0,0,0,0,1,0,0,0
ISIC_0026871.jpg,0,0,0,0,0,1,0,0,0
ISIC_0027042.jpg,0,0,0,0,0,1,0,0,0
ISIC_0024786.jpg,0,0,0,0,0,1,0,0,0
ISIC_0025699.jpg,0,0,0,0,0,1,0,0,0
ISIC_0025985.jpg,0,0,0,0,0,1,0,0,0
ISIC_0026070.jpg,0,0,0,0,0,1,0,0,0
ISIC_0025466.jpg,0,0,0,0,0,1,0,0,0
ISIC_0025883.jpg,0,0,0,0,0,1,0,0,0
ISIC_0025973.jpg,0,0,0,0,0,1,0,0,0
ISIC_0027681.jpg,0,0,0,0,0,1,0,0,0
ISIC_0025136.jpg,0,0,0,0,0,1,0,0,0
ISIC_0027454.jpg,0,0,0,0,0,1,0,0,0
ISIC_0028264.jpg,0,0,0,0,0,1,0,0,0
ISIC_0027026.jpg,0,0,0,0,0,1,0,0,0
ISIC_0024623.jpg,0,0,0,0,0,1,0,0,0
ISIC_0028309.jpg,0,0,0,0,0,1,0,0,0
ISIC_0025804.jpg,0,0,0,0,0,1,0,0,0
ISIC_0025819.jpg,0,0,0,0,0,1,0,0,0
ISIC_0025519.jpg,0,0,0,0,0,1,0,0,0
ISIC_0027064.jpg,0,0,0,0,0,1,0,0,0
ISIC_0028258.jpg,0,0,0,0,0,1,0,0,0
ISIC_0024708.jpg,0,0,0,0,0,1,0,0,0
ISIC_0024635.jpg,0,0,0,0,0,1,0,0,0
ISIC_0024581.jpg,0,0,0,0,0,1,0,0,0
ISIC_0025838.jpg,0,0,0,0,0,1,0,0,0
ISIC_0024709.jpg,0,0,0,0,0,1,0,0,0
ISIC_0026566.jpg,0,0,0,0,0,1,0,0,0
ISIC_0025392.jpg,0,0,0,0,0,1,0,0,0
ISIC_0025157.jpg,0,0,0,0,0,1,0,0,0
ISIC_0026262.jpg,0,0,0,0,0,1,0,0,0
ISIC_0025351.jpg,0,0,0,0,0,1,0,0,0
ISIC_0028254.jpg,0,0,0,0,0,1,0,0,0
ISIC_0025326.jpg,0,0,0,0,0,1,0,0,0
ISIC_0027388.jpg,0,0,0,0,0,1,0,0,0
ISIC_0026783.jpg,0,0,0,0,0,1,0,0,0
ISIC_0025554.jpg,0,0,0,0,0,1,0,0,0
ISIC_0027652.jpg,0,0,0,0,0,1,0,0,0
ISIC_0024741.jpg,0,0,0,0,0,1,0,0,0
ISIC_0025485.jpg,0,0,0,0,0,1,0,0,0
ISIC_0025387.jpg,0,0,0,0,0,1,0,0,0
ISIC_0028388.jpg,0,0,0,0,0,1,0,0,0
ISIC_0026249.jpg,0,0,0,0,0,1,0,0,0
ISIC_0027973.jpg,0,0,0,0,0,1,0,0,0
ISIC_0026514.jpg,0,0,0,0,0,1,0,0,0
ISIC_0026553.jpg,0,0,0,0,0,1,0,0,0
ISIC_0025575.jpg,0,0,0,0,0,1,0,0,0
ISIC_0024761.jpg,0,0,0,0,0,1,0,0,0
ISIC_0024909.jpg,0,0,0,0,0,1,0,0,0
ISIC_0026893.jpg,0,0,0,0,0,1,0,0,0
ISIC_0028511.jpg,0,0,0,0,0,1,0,0,0
ISIC_0010900.jpg,0,0,0,0,0,0,1,0,0
ISIC_0010852.jpg,0,0,0,0,0,0,1,0,0
ISIC_0011043.jpg,0,0,0,0,0,0,1,0,0
ISIC_0011174.jpg,0,0,0,0,0,0,1,0,0
ISIC_0011099.jpg,0,0,0,0,0,0,1,0,0
ISIC_0010872.jpg,0,0,0,0,0,0,1,0,0
ISIC_0011151.jpg,0,0,0,0,0,0,1,0,0
ISIC_0011045.jpg,0,0,0,0,0,0,1,0,0
ISIC_0011135.jpg,0,0,0,0,0,0,1,0,0
ISIC_0010878.jpg,0,0,0,0,0,0,1,0,0
ISIC_0010978.jpg,0,0,0,0,0,0,1,0,0
ISIC_0011132.jpg,0,0,0,0,0,0,1,0,0
ISIC_0011130.jpg,0,0,0,0,0,0,1,0,0
ISIC_0011094.jpg,0,0,0,0,0,0,1,0,0
ISIC_0011095.jpg,0,0,0,0,0,0,1,0,0
ISIC_0010912.jpg,0,0,0,0,0,0,1,0,0
ISIC_0010925.jpg,0,0,0,0,0,0,1,0,0
ISIC_0010883.jpg,0,0,0,0,0,0,1,0,0
ISIC_0010979.jpg,0,0,0,0,0,0,1,0,0
ISIC_0011040.jpg,0,0,0,0,0,0,1,0,0
ISIC_0011163.jpg,0,0,0,0,0,0,1,0,0
ISIC_0010866.jpg,0,0,0,0,0,0,1,0,0
ISIC_0011039.jpg,0,0,0,0,0,0,1,0,0
ISIC_0011136.jpg,0,0,0,0,0,0,1,0,0
ISIC_0011185.jpg,0,0,0,0,0,0,1,0,0
ISIC_0011126.jpg,0,0,0,0,0,0,1,0,0
ISIC_0010942.jpg,0,0,0,0,0,0,1,0,0
ISIC_0010810.jpg,0,0,0,0,0,0,1,0,0
ISIC_0010860.jpg,0,0,0,0,0,0,1,0,0
ISIC_0010971.jpg,0,0,0,0,0,0,1,0,0
ISIC_0011176.jpg,0,0,0,0,0,0,1,0,0
ISIC_0011181.jpg,0,0,0,0,0,0,1,0,0
ISIC_0011128.jpg,0,0,0,0,0,0,1,0,0
ISIC_0010923.jpg,0,0,0,0,0,0,1,0,0
ISIC_0010917.jpg,0,0,0,0,0,0,1,0,0
ISIC_0010995.jpg,0,0,0,0,0,0,1,0,0
ISIC_0011032.jpg,0,0,0,0,0,0,1,0,0
ISIC_0011166.jpg,0,0,0,0,0,0,1,0,0
ISIC_0011077.jpg,0,0,0,0,0,0,1,0,0
ISIC_0010977.jpg,0,0,0,0,0,0,1,0,0
ISIC_0011052.jpg,0,0,0,0,0,0,1,0,0
ISIC_0011118.jpg,0,0,0,0,0,0,1,0,0
ISIC_0010982.jpg,0,0,0,0,0,0,1,0,0
ISIC_0011139.jpg,0,0,0,0,0,0,1,0,0
ISIC_0011137.jpg,0,0,0,0,0,0,1,0,0
ISIC_0011169.jpg,0,0,0,0,0,0,1,0,0
ISIC_0010938.jpg,0,0,0,0,0,0,1,0,0
ISIC_0011158.jpg,0,0,0,0,0,0,1,0,0
ISIC_0010890.jpg,0,0,0,0,0,0,1,0,0
ISIC_0011138.jpg,0,0,0,0,0,0,1,0,0
ISIC_0011013.jpg,0,0,0,0,0,0,1,0,0
ISIC_0011112.jpg,0,0,0,0,0,0,1,0,0
ISIC_0011178.jpg,0,0,0,0,0,0,1,0,0
ISIC_0011012.jpg,0,0,0,0,0,0,1,0,0
ISIC_0010990.jpg,0,0,0,0,0,0,1,0,0
ISIC_0010862.jpg,0,0,0,0,0,0,1,0,0
ISIC_0011031.jpg,0,0,0,0,0,0,1,0,0
ISIC_0010834.jpg,0,0,0,0,0,0,1,0,0
ISIC_0010965.jpg,0,0,0,0,0,0,1,0,0
ISIC_0010909.jpg,0,0,0,0,0,0,1,0,0
ISIC_0011042.jpg,0,0,0,0,0,0,1,0,0
ISIC_0011125.jpg,0,0,0,0,0,0,1,0,0
ISIC_0011140.jpg,0,0,0,0,0,0,1,0,0
ISIC_0010876.jpg,0,0,0,0,0,0,1,0,0
ISIC_0010934.jpg,0,0,0,0,0,0,1,0,0
ISIC_0011193.jpg,0,0,0,0,0,0,1,0,0
ISIC_0010863.jpg,0,0,0,0,0,0,1,0,0
ISIC_0010812.jpg,0,0,0,0,0,0,1,0,0
ISIC_0011121.jpg,0,0,0,0,0,0,1,0,0
ISIC_0011187.jpg,0,0,0,0,0,0,1,0,0
ISIC_0010898.jpg,0,0,0,0,0,0,1,0,0
ISIC_0011057.jpg,0,0,0,0,0,0,1,0,0
ISIC_0011007.jpg,0,0,0,0,0,0,1,0,0
ISIC_0011161.jpg,0,0,0,0,0,0,1,0,0
ISIC_0010993.jpg,0,0,0,0,0,0,1,0,0
ISIC_0011030.jpg,0,0,0,0,0,0,1,0,0
ISIC_0011056.jpg,0,0,0,0,0,0,1,0,0
ISIC_0030175.jpg,0,0,0,0,0,0,0,1,0
ISIC_0025178.jpg,0,0,0,0,0,0,0,1,0
ISIC_0028763.jpg,0,0,0,0,0,0,0,1,0
ISIC_0031198.jpg,0,0,0,0,0,0,0,1,0
ISIC_0032014.jpg,0,0,0,0,0,0,0,1,0
ISIC_0029811.jpg,0,0,0,0,0,0,0,1,0
ISIC_0028335.jpg,0,0,0,0,0,0,0,1,0
ISIC_0024710.jpg,0,0,0,0,0,0,0,1,0
ISIC_0026362.jpg,0,0,0,0,0,0,0,1,0
ISIC_0026927.jpg,0,0,0,0,0,0,0,1,0
ISIC_0029371.jpg,0,0,0,0,0,0,0,1,0
ISIC_0030297.jpg,0,0,0,0,0,0,0,1,0
ISIC_0029362.jpg,0,0,0,0,0,0,0,1,0
ISIC_0027767.jpg,0,0,0,0,0,0,0,1,0
ISIC_0029541.jpg,0,0,0,0,0,0,0,1,0
ISIC_0024925.jpg,0,0,0,0,0,0,0,1,0
ISIC_0031927.jpg,0,0,0,0,0,0,0,1,0
ISIC_0025790.jpg,0,0,0,0,0,0,0,1,0
ISIC_0024923.jpg,0,0,0,0,0,0,0,1,0
ISIC_0025069.jpg,0,0,0,0,0,0,0,1,0
ISIC_0029715.jpg,0,0,0,0,0,0,0,1,0
ISIC_0027577.jpg,0,0,0,0,0,0,0,1,0
ISIC_0027084.jpg,0,0,0,0,0,0,0,1,0
ISIC_0025089.jpg,0,0,0,0,0,0,0,1,0
ISIC_0031012.jpg,0,0,0,0,0,0,0,1,0
ISIC_0028231.jpg,0,0,0,0,0,0,0,1,0
ISIC_0029634.jpg,0,0,0,0,0,0,0,1,0
ISIC_0026720.jpg,0,0,0,0,0,0,0,1,0
ISIC_0027047.jpg,0,0,0,0,0,0,0,1,0
ISIC_0031578.jpg,0,0,0,0,0,0,0,1,0
ISIC_0025539.jpg,0,0,0,0,0,0,0,1,0
ISIC_0030821.jpg,0,0,0,0,0,0,0,1,0
ISIC_0032173.jpg,0,0,0,0,0,0,0,1,0
ISIC_0032203.jpg,0,0,0,0,0,0,0,1,0
ISIC_0027343.jpg,0,0,0,0,0,0,0,1,0
ISIC_0027550.jpg,0,0,0,0,0,0,0,1,0
ISIC_0031738.jpg,0,0,0,0,0,0,0,1,0
ISIC_0027506.jpg,0,0,0,0,0,0,0,1,0
ISIC_0027231.jpg,0,0,0,0,0,0,0,1,0
ISIC_0028644.jpg,0,0,0,0,0,0,0,1,0
ISIC_0031044.jpg,0,0,0,0,0,0,0,1,0
ISIC_0030991.jpg,0,0,0,0,0,0,0,1,0
ISIC_0027178.jpg,0,0,0,0,0,0,0,1,0
ISIC_0025196.jpg,0,0,0,0,0,0,0,1,0
ISIC_0026083.jpg,0,0,0,0,0,0,0,1,0
ISIC_0029002.jpg,0,0,0,0,0,0,0,1,0
ISIC_0031672.jpg,0,0,0,0,0,0,0,1,0
ISIC_0033000.jpg,0,0,0,0,0,0,0,1,0
ISIC_0027700.jpg,0,0,0,0,0,0,0,1,0
ISIC_0030794.jpg,0,0,0,0,0,0,0,1,0
ISIC_0030549.jpg,0,0,0,0,0,0,0,1,0
ISIC_0026319.jpg,0,0,0,0,0,0,0,1,0
ISIC_0029567.jpg,0,0,0,0,0,0,0,1,0
ISIC_0031852.jpg,0,0,0,0,0,0,0,1,0
ISIC_0029932.jpg,0,0,0,0,0,0,0,1,0
ISIC_0031421.jpg,0,0,0,0,0,0,0,1,0
ISIC_0030953.jpg,0,0,0,0,0,0,0,1,0
ISIC_0026549.jpg,0,0,0,0,0,0,0,1,0
ISIC_0028158.jpg,0,0,0,0,0,0,0,1,0
ISIC_0028381.jpg,0,0,0,0,0,0,0,1,0
ISIC_0030341.jpg,0,0,0,0,0,0,0,1,0
ISIC_0031211.jpg,0,0,0,0,0,0,0,1,0
ISIC_0024946.jpg,0,0,0,0,0,0,0,1,0
ISIC_0032455.jpg,0,0,0,0,0,0,0,1,0
ISIC_0030191.jpg,0,0,0,0,0,0,0,1,0
ISIC_0029533.jpg,0,0,0,0,0,0,0,1,0
ISIC_0031692.jpg,0,0,0,0,0,0,0,1,0
ISIC_0029043.jpg,0,0,0,0,0,0,0,1,0
ISIC_0026522.jpg,0,0,0,0,0,0,0,1,0
ISIC_0031929.jpg,0,0,0,0,0,0,0,1,0
ISIC_0026152.jpg,0,0,0,0,0,0,0,1,0
ISIC_0029860.jpg,0,0,0,0,0,0,0,1,0
ISIC_0025712.jpg,0,0,0,0,0,0,0,1,0
ISIC_0027303.jpg,0,0,0,0,0,0,0,1,0
ISIC_0025696.jpg,0,0,0,0,0,0,0,1,0
ISIC_0028132.jpg,0,0,0,0,0,0,0,1,0
ISIC_0026138.jpg,0,0,0,0,0,0,0,1,0
ISIC_0032397.jpg,0,0,0,0,0,0,0,1,0
ISIC_0030714.jpg,0,0,0,0,0,0,0,1,0
ISIC_0031570.jpg,0,0,0,0,0,0,0,1,0
ISIC_0030245.jpg,0,0,0,0,0,0,0,1,0
ISIC_0026178.jpg,0,0,0,0,0,0,0,1,0
ISIC_0027708.jpg,0,0,0,0,0,0,0,1,0
ISIC_0025130.jpg,0,0,0,0,0,0,0,1,0
ISIC_0029598.jpg,0,0,0,0,0,0,0,1,0
ISIC_0025182.jpg,0,0,0,0,0,0,0,1,0
ISIC_0030375.jpg,0,0,0,0,0,0,0,1,0
ISIC_0029462.jpg,0,0,0,0,0,0,0,1,0
ISIC_0025948.jpg,0,0,0,0,0,0,0,1,0
ISIC_0025411.jpg,0,0,0,0,0,0,0,1,0
ISIC_0030602.jpg,0,0,0,0,0,0,0,1,0
ISIC_0033536.jpg,0,0,0,0,0,0,0,1,0
ISIC_0029638.jpg,0,0,0,0,0,0,0,1,0
ISIC_0028499.jpg,0,0,0,0,0,0,0,1,0
ISIC_0032329.jpg,0,0,0,0,0,0,0,1,0
ISIC_0032356.jpg,0,0,0,0,0,0,0,1,0
ISIC_0032349.jpg,0,0,0,0,0,0,0,1,0
ISIC_0026132.jpg,0,0,0,0,0,0,0,1,0
ISIC_0031874.jpg,0,0,0,0,0,0,0,1,0
ISIC_0025471.jpg,0,0,0,0,0,0,0,1,0
ISIC_0026327.jpg,0,0,0,0,0,0,0,1,0
ISIC_0030707.jpg,0,0,0,0,0,0,0,1,0
ISIC_0026203.jpg,0,0,0,0,0,0,0,1,0
ISIC_0031659.jpg,0,0,0,0,0,0,0,1,0
ISIC_0026492.jpg,0,0,0,0,0,0,0,1,0
ISIC_0030158.jpg,0,0,0,0,0,0,0,1,0
ISIC_0028730.jpg,0,0,0,0,0,0,0,1,0
ISIC_0032277.jpg,0,0,0,0,0,0,0,1,0
ISIC_0027529.jpg,0,0,0,0,0,0,0,1,0
ISIC_0032947.jpg,0,0,0,0,0,0,0,1,0
ISIC_0025808.jpg,0,0,0,0,0,0,0,1,0
ISIC_0028232.jpg,0,0,0,0,0,0,0,1,0
ISIC_0029573.jpg,0,0,0,0,0,0,0,1,0
ISIC_0032154.jpg,0,0,0,0,0,0,0,1,0
ISIC_0025831.jpg,0,0,0,0,0,0,0,1,0
ISIC_0026466.jpg,0,0,0,0,0,0,0,1,0
ISIC_0026388.jpg,0,0,0,0,0,0,0,1,0
ISIC_0028659.jpg,0,0,0,0,0,0,0,1,0
ISIC_0031743.jpg,0,0,0,0,0,0,0,1,0
ISIC_0030803.jpg,0,0,0,0,0,0,0,1,0
ISIC_0028224.jpg,0,0,0,0,0,0,0,1,0
ISIC_0026411.jpg,0,0,0,0,0,0,0,1,0
ISIC_0027753.jpg,0,0,0,0,0,0,0,1,0
ISIC_0025247.jpg,0,0,0,0,0,0,0,1,0
ISIC_0033295.jpg,0,0,0,0,0,0,0,1,0
ISIC_0032371.jpg,0,0,0,0,0,0,0,1,0
ISIC_0030387.jpg,0,0,0,0,0,0,0,1,0
ISIC_0027678.jpg,0,0,0,0,0,0,0,1,0
ISIC_0026100.jpg,0,0,0,0,0,0,0,1,0
ISIC_0026981.jpg,0,0,0,0,0,0,0,1,0
ISIC_0025637.jpg,0,0,0,0,0,0,0,1,0
ISIC_0031119.jpg,0,0,0,0,0,0,0,1,0
ISIC_0029610.jpg,0,0,0,0,0,0,0,1,0
ISIC_0026992.jpg,0,0,0,0,0,0,0,1,0
ISIC_0025331.jpg,0,0,0,0,0,0,0,1,0
ISIC_0030986.jpg,0,0,0,0,0,0,0,1,0
ISIC_0031940.jpg,0,0,0,0,0,0,0,1,0
ISIC_0033869.jpg,0,0,0,0,0,0,0,1,0
ISIC_0031043.jpg,0,0,0,0,0,0,0,1,0
ISIC_0029059.jpg,0,0,0,0,0,0,0,1,0
ISIC_0030280.jpg,0,0,0,0,0,0,0,1,0
ISIC_0033084.jpg,0,0,0,0,0,0,0,1,0
ISIC_0031918.jpg,0,0,0,0,0,0,0,1,0
ISIC_0026206.jpg,0,0,0,0,0,0,0,1,0
ISIC_0030487.jpg,0,0,0,0,0,0,0,1,0
ISIC_0029268.jpg,0,0,0,0,0,0,0,1,0
ISIC_0031286.jpg,0,0,0,0,0,0,0,1,0
ISIC_0029067.jpg,0,0,0,0,0,0,0,1,0
ISIC_0029279.jpg,0,0,0,0,0,0,0,1,0
ISIC_0027184.jpg,0,0,0,0,0,0,0,1,0
ISIC_0032897.jpg,0,0,0,0,0,0,0,1,0
ISIC_0026872.jpg,0,0,0,0,0,0,0,1,0
ISIC_0029315.jpg,0,0,0,0,0,0,0,1,0
ISIC_0029549.jpg,0,0,0,0,0,0,0,1,0
ISIC_0028795.jpg,0,0,0,0,0,0,0,1,0
ISIC_0025811.jpg,0,0,0,0,0,0,0,1,0
ISIC_0025358.jpg,0,0,0,0,0,0,0,1,0
ISIC_0027294.jpg,0,0,0,0,0,0,0,1,0
ISIC_0031431.jpg,0,0,0,0,0,0,0,1,0
ISIC_0025577.jpg,0,0,0,0,0,0,0,1,0
ISIC_0030827.jpg,0,0,0,0,0,0,0,1,0
ISIC_0026645.jpg,0,0,0,0,0,0,0,1,0
ISIC_0027930.jpg,0,0,0,0,0,0,0,1,0
ISIC_0024843.jpg,0,0,0,0,0,0,0,1,0
ISIC_0027719.jpg,0,0,0,0,0,0,0,1,0
ISIC_0030844.jpg,0,0,0,0,0,0,0,1,0
ISIC_0028372.jpg,0,0,0,0,0,0,0,1,0
ISIC_0025029.jpg,0,0,0,0,0,0,0,1,0
ISIC_0028872.jpg,0,0,0,0,0,0,0,1,0
ISIC_0028816.jpg,0,0,0,0,0,0,0,1,0
ISIC_0025350.jpg,0,0,0,0,0,0,0,1,0
ISIC_0030591.jpg,0,0,0,0,0,0,0,1,0
ISIC_0032238.jpg,0,0,0,0,0,0,0,1,0
ISIC_0027795.jpg,0,0,0,0,0,0,0,1,0
ISIC_0029582.jpg,0,0,0,0,0,0,0,1,0
ISIC_0031191.jpg,0,0,0,0,0,0,0,1,0
ISIC_0025264.jpg,0,0,0,0,0,0,0,1,0
ISIC_0030076.jpg,0,0,0,0,0,0,0,1,0
ISIC_0030785.jpg,0,0,0,0,0,0,0,1,0
ISIC_0029563.jpg,0,0,0,0,0,0,0,1,0
ISIC_0029851.jpg,0,0,0,0,0,0,0,1,0
ISIC_0032919.jpg,0,0,0,0,0,0,0,0,1
ISIC_0027856.jpg,0,0,0,0,0,0,0,0,1
ISIC_0025596.jpg,0,0,0,0,0,0,0,0,1
ISIC_0033844.jpg,0,0,0,0,0,0,0,0,1
ISIC_0028680.jpg,0,0,0,0,0,0,0,0,1
ISIC_0029608.jpg,0,0,0,0,0,0,0,0,1
ISIC_0024662.jpg,0,0,0,0,0,0,0,0,1
ISIC_0031759.jpg,0,0,0,0,0,0,0,0,1
ISIC_0031955.jpg,0,0,0,0,0,0,0,0,1
ISIC_0027672.jpg,0,0,0,0,0,0,0,0,1
ISIC_0028714.jpg,0,0,0,0,0,0,0,0,1
ISIC_0033749.jpg,0,0,0,0,0,0,0,0,1
ISIC_0033565.jpg,0,0,0,0,0,0,0,0,1
ISIC_0030722.jpg,0,0,0,0,0,0,0,0,1
ISIC_0032932.jpg,0,0,0,0,0,0,0,0,1
ISIC_0024475.jpg,0,0,0,0,0,0,0,0,1
ISIC_0024747.jpg,0,0,0,0,0,0,0,0,1
ISIC_0032545.jpg,0,0,0,0,0,0,0,0,1
ISIC_0026068.jpg,0,0,0,0,0,0,0,0,1
ISIC_0033608.jpg,0,0,0,0,0,0,0,0,1
ISIC_0025197.jpg,0,0,0,0,0,0,0,0,1
ISIC_0027983.jpg,0,0,0,0,0,0,0,0,1
ISIC_0030770.jpg,0,0,0,0,0,0,0,0,1
ISIC_0030104.jpg,0,0,0,0,0,0,0,0,1
ISIC_0032409.jpg,0,0,0,0,0,0,0,0,1
ISIC_0026467.jpg,0,0,0,0,0,0,0,0,1
ISIC_0027563.jpg,0,0,0,0,0,0,0,0,1
ISIC_0025612.jpg,0,0,0,0,0,0,0,0,1
ISIC_0031276.jpg,0,0,0,0,0,0,0,0,1
ISIC_0034214.jpg,0,0,0,0,0,0,0,0,1
ISIC_0028885.jpg,0,0,0,0,0,0,0,0,1
ISIC_0029486.jpg,0,0,0,0,0,0,0,0,1
ISIC_0024867.jpg,0,0,0,0,0,0,0,0,1
ISIC_0032890.jpg,0,0,0,0,0,0,0,0,1
ISIC_0033031.jpg,0,0,0,0,0,0,0,0,1
ISIC_0024669.jpg,0,0,0,0,0,0,0,0,1
ISIC_0031648.jpg,0,0,0,0,0,0,0,0,1
ISIC_0026490.jpg,0,0,0,0,0,0,0,0,1
ISIC_0024904.jpg,0,0,0,0,0,0,0,0,1
ISIC_0026336.jpg,0,0,0,0,0,0,0,0,1
ISIC_0024706.jpg,0,0,0,0,0,0,0,0,1
ISIC_0033123.jpg,0,0,0,0,0,0,0,0,1
ISIC_0032270.jpg,0,0,0,0,0,0,0,0,1
ISIC_0026349.jpg,0,0,0,0,0,0,0,0,1
ISIC_0027665.jpg,0,0,0,0,0,0,0,0,1
ISIC_0033135.jpg,0,0,0,0,0,0,0,0,1
ISIC_0027903.jpg,0,0,0,0,0,0,0,0,1
ISIC_0025707.jpg,0,0,0,0,0,0,0,0,1
ISIC_0031090.jpg,0,0,0,0,0,0,0,0,1
ISIC_0027790.jpg,0,0,0,0,0,0,0,0,1
ISIC_0025425.jpg,0,0,0,0,0,0,0,0,1
ISIC_0025680.jpg,0,0,0,0,0,0,0,0,1
ISIC_0029514.jpg,0,0,0,0,0,0,0,0,1
ISIC_0031197.jpg,0,0,0,0,0,0,0,0,1
ISIC_0032240.jpg,0,0,0,0,0,0,0,0,1
ISIC_0033762.jpg,0,0,0,0,0,0,0,0,1
ISIC_0027269.jpg,0,0,0,0,0,0,0,0,1
ISIC_0028406.jpg,0,0,0,0,0,0,0,0,1
ISIC_0033254.jpg,0,0,0,0,0,0,0,0,1
ISIC_0028146.jpg,0,0,0,0,0,0,0,0,1
ISIC_0025244.jpg,0,0,0,0,0,0,0,0,1
ISIC_0027256.jpg,0,0,0,0,0,0,0,0,1
ISIC_0032692.jpg,0,0,0,0,0,0,0,0,1
ISIC_0025599.jpg,0,0,0,0,0,0,0,0,1
ISIC_0033450.jpg,0,0,0,0,0,0,0,0,1
ISIC_0031901.jpg,0,0,0,0,0,0,0,0,1
ISIC_0026876.jpg,0,0,0,0,0,0,0,0,1
ISIC_0028188.jpg,0,0,0,0,0,0,0,0,1
ISIC_0032867.jpg,0,0,0,0,0,0,0,0,1
ISIC_0029877.jpg,0,0,0,0,0,0,0,0,1
ISIC_0031270.jpg,0,0,0,0,0,0,0,0,1
ISIC_0029742.jpg,0,0,0,0,0,0,0,0,1
ISIC_0029099.jpg,0,0,0,0,0,0,0,0,1
ISIC_0033458.jpg,0,0,0,0,0,0,0,0,1
ISIC_0026456.jpg,0,0,0,0,0,0,0,0,1
ISIC_0033969.jpg,0,0,0,0,0,0,0,0,1
ISIC_0031065.jpg,0,0,0,0,0,0,0,0,1
ISIC_0026092.jpg,0,0,0,0,0,0,0,0,1
ISIC_0031215.jpg,0,0,0,0,0,0,0,0,1
ISIC_0031719.jpg,0,0,0,0,0,0,0,0,1
ISIC_0031093.jpg,0,0,0,0,0,0,0,0,1
ISIC_0025452.jpg,0,0,0,0,0,0,0,0,1
ISIC_0030956.jpg,0,0,0,0,0,0,0,0,1
ISIC_0032866.jpg,0,0,0,0,0,0,0,0,1
ISIC_0027937.jpg,0,0,0,0,0,0,0,0,1
ISIC_0030275.jpg,0,0,0,0,0,0,0,0,1
ISIC_0033591.jpg,0,0,0,0,0,0,0,0,1
ISIC_0025807.jpg,0,0,0,0,0,0,0,0,1
ISIC_0030882.jpg,0,0,0,0,0,0,0,0,1
ISIC_0027385.jpg,0,0,0,0,0,0,0,0,1
ISIC_0025250.jpg,0,0,0,0,0,0,0,0,1
ISIC_0026163.jpg,0,0,0,0,0,0,0,0,1
ISIC_0032538.jpg,0,0,0,0,0,0,0,0,1
ISIC_0030606.jpg,0,0,0,0,0,0,0,0,1
ISIC_0032614.jpg,0,0,0,0,0,0,0,0,1
ISIC_0029439.jpg,0,0,0,0,0,0,0,0,1
ISIC_0025321.jpg,0,0,0,0,0,0,0,0,1
ISIC_0031996.jpg,0,0,0,0,0,0,0,0,1
ISIC_0032557.jpg,0,0,0,0,0,0,0,0,1
ISIC_0030283.jpg,0,0,0,0,0,0,0,0,1
ISIC_0033158.jpg,0,0,0,0,0,0,0,0,1
ISIC_0032057.jpg,0,0,0,0,0,0,0,0,1
ISIC_0034196.jpg,0,0,0,0,0,0,0,0,1
ISIC_0027888.jpg,0,0,0,0,0,0,0,0,1
ISIC_0032839.jpg,0,0,0,0,0,0,0,0,1
ISIC_0032775.jpg,0,0,0,0,0,0,0,0,1
ISIC_0025606.jpg,0,0,0,0,0,0,0,0,1
ISIC_0026693.jpg,0,0,0,0,0,0,0,0,1
ISIC_0033230.jpg,0,0,0,0,0,0,0,0,1
ISIC_0028163.jpg,0,0,0,0,0,0,0,0,1
ISIC_0025628.jpg,0,0,0,0,0,0,0,0,1
ISIC_0029889.jpg,0,0,0,0,0,0,0,0,1
ISIC_0031346.jpg,0,0,0,0,0,0,0,0,1
ISIC_0027522.jpg,0,0,0,0,0,0,0,0,1
ISIC_0027210.jpg,0,0,0,0,0,0,0,0,1
ISIC_0025249.jpg,0,0,0,0,0,0,0,0,1
ISIC_0029404.jpg,0,0,0,0,0,0,0,0,1
ISIC_0028431.jpg,0,0,0,0,0,0,0,0,1
ISIC_0033817.jpg,0,0,0,0,0,0,0,0,1
ISIC_0033092.jpg,0,0,0,0,0,0,0,0,1
ISIC_0031217.jpg,0,0,0,0,0,0,0,0,1
ISIC_0025873.jpg,0,0,0,0,0,0,0,0,1
ISIC_0031103.jpg,0,0,0,0,0,0,0,0,1
ISIC_0027159.jpg,0,0,0,0,0,0,0,0,1
ISIC_0025578.jpg,0,0,0,0,0,0,0,0,1
ISIC_0032715.jpg,0,0,0,0,0,0,0,0,1
ISIC_0031201.jpg,0,0,0,0,0,0,0,0,1
ISIC_0032076.jpg,0,0,0,0,0,0,0,0,1
ISIC_0029448.jpg,0,0,0,0,0,0,0,0,1
ISIC_0033991.jpg,0,0,0,0,0,0,0,0,1
ISIC_0031950.jpg,0,0,0,0,0,0,0,0,1
ISIC_0030070.jpg,0,0,0,0,0,0,0,0,1
ISIC_0026393.jpg,0,0,0,0,0,0,0,0,1
ISIC_0026713.jpg,0,0,0,0,0,0,0,0,1
ISIC_0033349.jpg,0,0,0,0,0,0,0,0,1
ISIC_0025924.jpg,0,0,0,0,0,0,0,0,1
ISIC_0031706.jpg,0,0,0,0,0,0,0,0,1
ISIC_0032745.jpg,0,0,0,0,0,0,0,0,1
ISIC_0025677.jpg,0,0,0,0,0,0,0,0,1
